#
# A fatal error has been detected by the Java Runtime Environment:
#
#  SIGBUS (0x7) at pc=0x00007fb6edef42e1, pid=1292924, tid=3906285
#
# JRE version: OpenJDK Runtime Environment (21.0.12+8) (build 21.0.12+8-1-deb13u1-Debian)
# Java VM: OpenJDK 64-Bit Server VM (21.0.12+8-1-deb13u1-Debian, mixed mode, sharing, tiered, compressed oops, compressed class ptrs, g1 gc, linux-amd64)
# Problematic frame:
# C  [ld-linux-x86-64.so.2+0xa2e1]
#
# No core dump will be written. Core dumps have been disabled. To enable core dumping, try "ulimit -c unlimited" before starting Java again
#
# If you would like to submit a bug report, please visit:
#   https://bugs.debian.org/openjdk-21
# The crash happened outside the Java Virtual Machine in native code.
# See problematic frame for where to report the bug.
#

---------------  S U M M A R Y ------------

Command Line: -Dcompose.application.configure.swing.globals=true -Dcompose.application.resources.dir=/tmp/fix40/composeApp/build/compose/tmp/prepareAppResources -Dfile.encoding=UTF-8 -Duser.country=GB -Duser.language=en -Duser.variant com.angussoftware.fueldashboard.MainKt

Host: AMD Ryzen 7 5800X 8-Core Processor, 16 cores, 62G, Debian GNU/Linux 13 (trixie)
Time: Fri Aug 21 16:28:24 2026 CDT elapsed time: 71462.824456 seconds (0d 19h 51m 2s)

---------------  T H R E A D  ---------------

Current thread (0x00007fb5300375d0):  JavaThread "KtorShutdownHook"        [_thread_in_native, id=3906285, stack(0x00007fb662cfe000,0x00007fb662dfe000) (1024K)]

Stack: [0x00007fb662cfe000,0x00007fb662dfe000],  sp=0x00007fb662dfb7f0,  free space=1013k
Native frames: (J=compiled Java code, j=interpreted, Vv=VM code, C=native code)
C  [ld-linux-x86-64.so.2+0xa2e1]
Java frames: (J=compiled Java code, j=interpreted, Vv=VM code)
j  jdk.internal.loader.NativeLibraries.findBuiltinLib(Ljava/lang/String;)Ljava/lang/String;+0 java.base@21.0.12
j  jdk.internal.loader.NativeLibraries.loadLibrary(Ljava/lang/Class;Ljava/io/File;)Ljdk/internal/loader/NativeLibrary;+4 java.base@21.0.12
j  jdk.internal.loader.NativeLibraries.findFromPaths([Ljava/lang/String;Ljava/lang/Class;Ljava/lang/String;)Ljdk/internal/loader/NativeLibrary;+44 java.base@21.0.12
j  jdk.internal.loader.NativeLibraries.loadLibrary(Ljava/lang/Class;Ljava/lang/String;)Ljdk/internal/loader/NativeLibrary;+30 java.base@21.0.12
j  jdk.internal.loader.NativeLibraries.loadLibrary(Ljava/lang/String;)Ljdk/internal/loader/NativeLibrary;+30 java.base@21.0.12
j  jdk.internal.loader.BootLoader.loadLibrary(Ljava/lang/String;)V+10 java.base@21.0.12
j  sun.nio.fs.LinuxWatchService.<clinit>()V+8 java.base@21.0.12
v  ~StubRoutines::call_stub 0x00007fb6d3c5fcc6
j  sun.nio.fs.LinuxFileSystem.newWatchService()Ljava/nio/file/WatchService;+0 java.base@21.0.12
j  io.ktor.server.engine.EmbeddedServer.watcher_delegate$lambda$0()Ljava/nio/file/WatchService;+4
j  io.ktor.server.engine.EmbeddedServer$$Lambda+0x00007fb664295220.invoke()Ljava/lang/Object;+0
J 8003 c2 kotlin.SynchronizedLazyImpl.getValue()Ljava/lang/Object; (87 bytes) @ 0x00007fb6d473d6ec [0x00007fb6d473d5c0+0x000000000000012c]
j  io.ktor.server.engine.EmbeddedServer.getWatcher()Ljava/nio/file/WatchService;+6
j  io.ktor.server.engine.EmbeddedServer.cleanupWatcher()V+15
j  io.ktor.server.engine.EmbeddedServer.stop(JJLjava/util/concurrent/TimeUnit;)V+220
j  io.ktor.server.engine.EmbeddedServer.stop(JJ)V+6
j  io.ktor.server.engine.EmbeddedServer.stop$default(Lio/ktor/server/engine/EmbeddedServer;JJILjava/lang/Object;)V+33
j  io.ktor.server.engine.EmbeddedServer.start$lambda$0(Lio/ktor/server/engine/EmbeddedServer;)Lkotlin/Unit;+5
j  io.ktor.server.engine.EmbeddedServer$$Lambda+0x00007fb664295440.invoke()Ljava/lang/Object;+4
j  io.ktor.server.engine.ShutdownHook.run()V+16
v  ~StubRoutines::call_stub 0x00007fb6d3c5fcc6

siginfo: si_signo: 7 (SIGBUS), si_code: 2 (BUS_ADRERR), si_addr: 0x00007fb660800218

Registers:
RAX=0x0000000000000003, RBX=0x00007fb6e4573a10, RCX=0x0000000000000008, RDX=0x00007fb660800200
RSP=0x00007fb662dfb7f0, RBP=0x00007fb6edf219c0, RSI=0x00007fb6608002f0, RDI=0x0000000000000011
R8 =0x0000000000000000, R9 =0x0000000000000000, R10=0x0000000000000033, R11=0x00007fb6edf215f0
R12=0x00000000890b3ec7, R13=0x00007fb5d4fda6b0, R14=0x00007fb5d4fda6b0, R15=0x00007fb660800938
RIP=0x00007fb6edef42e1, EFLAGS=0x0000000000010206, CSGSFS=0x002b000000000033, ERR=0x0000000000000004
  TRAPNO=0x000000000000000e

XMM[0]=0x0000000000000000 0x0000000000000000
XMM[1]=0xffffffffffff0000 0x0000000000000000
XMM[2]=0x0000000000000000 0x0000000000000000
XMM[3]=0x0000000000000000 0x0000000000000000
XMM[4]=0x0000000000000000 0x0000000000000000
XMM[5]=0x0000000000000000 0x0000000000000000
XMM[6]=0xffffffffffffffff 0xffff0000ff000000
XMM[7]=0x0000000000000000 0x0000000000000000
XMM[8]=0x2c322337330a313a 0x30372c3123310a4c
XMM[9]=0x0c98f5818685ba9f 0x4a319941fc018edf
XMM[10]=0x294fe48100acab9f 0x14e8c84188303fdf
XMM[11]=0xee830681e1ddc99f 0x59db6a41e191dddf
XMM[12]=0x01870aaab2cc9fd9 0x03f21223c6865537
XMM[13]=0x0000000000000000 0x0000000000000000
XMM[14]=0x0000000000000000 0x0000000000000000
XMM[15]=0x0000000000000000 0x0000000000000000
  MXCSR=0x00001fa2


Register to memory mapping:

RAX=0x0000000000000003 is an unknown value
RBX=0x00007fb6e4573a10 points into unknown readable memory: 0x00007fb660800000 | 00 00 80 60 b6 7f 00 00
RCX=0x0000000000000008 is an unknown value
RDX=
[error occurred during error reporting (printing register info), id 0x7, SIGBUS (0x7) at pc=0x00007fb6ede01cdd]
RSP=0x00007fb662dfb7f0 is pointing into the stack for thread: 0x00007fb5300375d0
RBP=0x00007fb6edf219c0 points into unknown readable memory: 0x00007fb6edf218e8 | e8 18 f2 ed b6 7f 00 00
RSI=
[error occurred during error reporting (printing register info, attempt 2), id 0x7, SIGBUS (0x7) at pc=0x00007fb6ede01cdd]
RDI=0x0000000000000011 is an unknown value
R8 =0x0 is null
R9 =0x0 is null
R10=0x0000000000000033 is an unknown value
R11=0x00007fb6edf215f0 points into unknown readable memory: 0x000055d814106000 | 00 60 10 14 d8 55 00 00
R12=0x00000000890b3ec7 is an unknown value
R13=0x00007fb5d4fda6b0 points into unknown readable memory: 0x00007fb6edf215f0 | f0 15 f2 ed b6 7f 00 00
R14=0x00007fb5d4fda6b0 points into unknown readable memory: 0x00007fb6edf215f0 | f0 15 f2 ed b6 7f 00 00
R15=
[error occurred during error reporting (printing register info, attempt 3), id 0x7, SIGBUS (0x7) at pc=0x00007fb6ede01cdd]
Top of Stack: (sp=0x00007fb662dfb7f0)
0x00007fb662dfb7f0:   00007fb5300375d0 00007fb4c82cb5d0   .u.0......,.....
0x00007fb662dfb800:   0000000000000000 00007fb662dfb940   ........@..b....
0x00007fb662dfb810:   0000000000000000 00007fb662dfb938   ........8..b....
0x00007fb662dfb820:   00007fb662dfb850 00007fb664769868   P..b....h.vd....
0x00007fb662dfb830:   00007fb664769868 00007fb5300375d0   h.vd.....u.0....
0x00007fb662dfb840:   0000000000000000 0000000000000000   ................
0x00007fb662dfb850:   00007fb662dfb8b0 00007fb6ecf50f90   ...b............
0x00007fb662dfb860:   0000000064769af0 0000000000000000   ..vd............
0x00007fb662dfb870:   00007fb53000e900 0000000000000000   ...0............
0x00007fb662dfb880:   00007fb6edf219c0 00007fb4c82cb5d0   ..........,.....
0x00007fb662dfb890:   00007fb662dfb9d8 00007fb662dfb938   ...b....8..b....
0x00007fb662dfb8a0:   00000000890b3ec7 00007fb6edef4fbc   .>.......O......
0x00007fb662dfb8b0:   000000000000000e 0000000000000000   ................
0x00007fb662dfb8c0:   0000000000000002 0000000000000000   ................
0x00007fb662dfb8d0:   0000000000000000 00007fb6edf215f0   ................
0x00007fb662dfb8e0:   00007fb6edf215f0 00007fb600000000   ................
0x00007fb662dfb8f0:   00007fb662dfb940 00007fb6edf219c0   @..b............
0x00007fb662dfb900:   0000000000000000 0000000000000000   ................
0x00007fb662dfb910:   00007fb53000e8f8 00007fb500000000   ...0............
0x00007fb662dfb920:   00007fb662dfb950 00007fb6ed2bcebb   P..b......+.....
0x00007fb662dfb930:   00007fb6e4133e20 00000000ffffffff    >..............
0x00007fb662dfb940:   0000000000000000 0000000000000000   ................
0x00007fb662dfb950:   00007fb662dfb9a0 00007fb662dfba78   ...b....x..b....
0x00007fb662dfb960:   00007fb662dfb990 00007fb6d492fc90   ...b............
0x00007fb662dfb970:   00007fb662dfbbd8 00007fb6ecaba590   ...b............
0x00007fb662dfb980:   00007fb662dfba60 0000000000000002   `..b............
0x00007fb662dfb990:   00007fb6ed02dfb0 0000000000000000   ................
0x00007fb662dfb9a0:   00007fb4c82cb5d0 0000000000000000   ..,.............
0x00007fb662dfb9b0:   00007fb4c80059e0 00007fb6ede028ed   .Y.......(......
0x00007fb662dfb9c0:   0000000000000002 0000000000000000   ................
0x00007fb662dfb9d0:   00007fb6d492fe20 0000000000000000    ...............
0x00007fb662dfb9e0:   00007fb6d4930160 00007fb6d492fe20   `....... .......

Instructions: (pc=0x00007fb6edef42e1)
0x00007fb6edef41e1:   31 d2 48 89 18 eb ba 0f 1f 84 00 00 00 00 00 80
0x00007fb6edef41f1:   f9 06 0f 84 da fe ff ff 66 83 fa f1 0f 84 d0 fe
0x00007fb6edef4201:   ff ff 31 d2 eb 9b 66 0f 1f 84 00 00 00 00 00 48
0x00007fb6edef4211:   89 da e9 4b ff ff ff 0f 1f 84 00 00 00 00 00 41
0x00007fb6edef4221:   57 41 56 41 55 41 54 41 89 f4 55 53 48 81 ec 88
0x00007fb6edef4231:   00 00 00 45 8b 51 08 4c 89 44 24 18 4c 8b 9c 24
0x00007fb6edef4241:   e8 00 00 00 48 89 7c 24 08 4c 8b 84 24 d8 00 00
0x00007fb6edef4251:   00 48 89 54 24 28 48 89 4c 24 10 4d 8b 29 44 8b
0x00007fb6edef4261:   8c 24 e0 00 00 00 4d 85 db 0f 94 44 24 20 4d 89
0x00007fb6edef4271:   ee 41 83 e1 02 e9 a0 00 00 00 0f 1f 44 00 00 8b
0x00007fb6edef4281:   bb 2c 03 00 00 85 ff 74 7a 48 8b 43 70 c7 44 24
0x00007fb6edef4291:   74 00 00 00 00 48 c7 44 24 78 00 00 00 00 48 8b
0x00007fb6edef42a1:   70 08 31 c0 f6 83 56 03 00 00 20 74 06 48 8b 03
0x00007fb6edef42b1:   48 01 c6 48 8b 53 68 48 03 42 08 48 8b 93 38 03
0x00007fb6edef42c1:   00 00 49 89 c7 48 85 d2 0f 84 11 01 00 00 44 89
0x00007fb6edef42d1:   e0 8b 8b 34 03 00 00 c1 e8 06 23 83 30 03 00 00
0x00007fb6edef42e1:   48 8b 04 c2 44 89 e2 d3 ea 89 d1 48 89 c2 48 d3
0x00007fb6edef42f1:   ea 44 89 e1 48 d3 e8 48 21 c2 83 e2 01 0f 85 3c
0x00007fb6edef4301:   02 00 00 48 83 84 24 c0 00 00 00 01 4c 39 94 24
0x00007fb6edef4311:   c0 00 00 00 0f 83 5d 05 00 00 48 8b 84 24 c0 00
0x00007fb6edef4321:   00 00 49 8b 04 c6 48 8b 58 28 4c 39 c3 74 d4 45
0x00007fb6edef4331:   85 c9 74 09 f6 83 54 03 00 00 03 74 c6 f6 83 56
0x00007fb6edef4341:   03 00 00 04 74 0f 4d 85 db 74 b8 41 f6 83 56 03
0x00007fb6edef4351:   00 00 04 74 ae f6 05 43 b7 02 00 08 0f 84 1d ff
0x00007fb6edef4361:   ff ff 48 8b 53 08 48 8b 4b 30 80 3a 00 74 50 48
0x00007fb6edef4371:   8b 74 24 08 48 8d 3d 0c 2d 02 00 31 c0 44 89 4c
0x00007fb6edef4381:   24 38 4c 89 54 24 30 4c 89 9c 24 e8 00 00 00 4c
0x00007fb6edef4391:   89 84 24 d8 00 00 00 e8 43 3e 00 00 44 8b 4c 24
0x00007fb6edef43a1:   38 4c 8b 54 24 30 4c 8b 9c 24 e8 00 00 00 4c 8b
0x00007fb6edef43b1:   84 24 d8 00 00 00 e9 c4 fe ff ff 0f 1f 40 00 48
0x00007fb6edef43c1:   8b 05 b1 b6 02 00 48 8b 10 48 8d 05 0d 08 02 00
0x00007fb6edef43d1:   48 85 d2 48 0f 44 d0 eb 96 66 0f 1f 44 00 00 48


Stack slot to memory mapping:

stack at sp + 0 slots: 0x00007fb5300375d0 is a thread
stack at sp + 1 slots: 0x00007fb4c82cb5d0 points into unknown readable memory: 0x6f4c6e4f5f494e4a | 4a 4e 49 5f 4f 6e 4c 6f
stack at sp + 2 slots: 0x0 is null
stack at sp + 3 slots: 0x00007fb662dfb940 is pointing into the stack for thread: 0x00007fb5300375d0
stack at sp + 4 slots: 0x0 is null
stack at sp + 5 slots: 0x00007fb662dfb938 is pointing into the stack for thread: 0x00007fb5300375d0
stack at sp + 6 slots: 0x00007fb662dfb850 is pointing into the stack for thread: 0x00007fb5300375d0
stack at sp + 7 slots: 0x00007fb664769868 is a pointer to class: 
sun.nio.fs.LinuxWatchService {0x00007fb664769868}
 - instance size:     4
 - klass size:        82
 - access:            synchronized 
 - flags:             rewritten has_nonstatic_fields has_localvariable_table 
 - state:             being_initialized
 - name:              'sun/nio/fs/LinuxWatchService'
 - super:             'sun/nio/fs/AbstractWatchService'
 - sub:               
 - arrays:            null
 - methods:           Array<T>(0x00007fb4b032aa20)
 - method ordering:   Array<T>(0x00007fb663b35a70)
 - local interfaces:  Array<T>(0x00007fb663619968)
 - trans. interfaces: Array<T>(0x00007fb4b032c390)
 - secondary supers: Array<T>(0x00007fb4b032c540)
 - hash_slot:         13
 - bitmap:            0x0800000002000002
 - constants:         constant pool [166]/operands[7] {0x00007fb4b032a408} for 'sun/nio/fs/LinuxWatchService' cache=0x00007fb4b032c808
 - class loader data:  loader data: 0x00007fb6e4114070 of 'bootstrap'
 - source file:       'LinuxWatchService.java'
 - inner classes:     Array<T>(0x00007fb4b032b480)
 - nest members:     Array<T>(0x00007fb4b032b4b8)
 - permitted subclasses:     Array<T>(0x00007fb6636198f0)
 - java mirror:       a 'java/lang/Class'{0x000000041983d918} = 'sun/nio/fs/LinuxWatchService'
 - vtable length      9  (start addr: 0x00007fb664769a38)
 - itable length      14 (start addr: 0x00007fb664769a80)
 - ---- static fields (1 words):
 - private static final 'unsafe' 'Ljdk/internal/misc/Unsafe;' @112 
 - ---- non-static fields (5 words):
 - private volatile 'closed' 'Z' @12 
 - private final 'pendingKeys' 'Ljava/util/concurrent/LinkedBlockingDeque;' @16 
 - private final 'CLOSE_KEY' 'Ljava/nio/file/WatchKey;' @20 
 - private final 'closeLock' 'Ljava/lang/Object;' @24 
 - private final 'poller' 'Lsun/nio/fs/LinuxWatchService$Poller;' @28 
 - non-static oop maps: 16-28 


[error occurred during error reporting (printing code blobs if possible), id 0x7, SIGBUS (0x7) at pc=0x00007fb6edf0e75a]

---------------  P R O C E S S  ---------------

Threads class SMR info:
_java_thread_list=0x00007fb5cc0010d0, length=57, elements={
0x00007fb6e401e450, 0x00007fb6e4141b00, 0x00007fb6e4143080, 0x00007fb6e4144820,
0x00007fb6e4145e70, 0x00007fb6e4147420, 0x00007fb6e4148ff0, 0x00007fb6e414a6c0,
0x00007fb6e4156f60, 0x00007fb6e415a200, 0x00007fb6e4684e70, 0x00007fb6e46861c0,
0x00007fb6e4a50c50, 0x00007fb6e4a51940, 0x00007fb5ec000f40, 0x00007fb6e4a589e0,
0x00007fb5ec00dc40, 0x00007fb6e4a99400, 0x00007fb6e4a9a550, 0x00007fb5e401dea0,
0x00007fb5f000cd90, 0x00007fb58c000f40, 0x00007fb5f000dd00, 0x00007fb58801bef0,
0x00007fb578001c20, 0x00007fb56c003770, 0x00007fb590056f80, 0x00007fb570000f40,
0x00007fb584001d60, 0x00007fb58c007250, 0x00007fb590054b00, 0x00007fb534004790,
0x00007fb52c000f40, 0x00007fb5540121e0, 0x00007fb584006b10, 0x00007fb58801d3f0,
0x00007fb5d4c71000, 0x00007fb5d54f6040, 0x00007fb5580121f0, 0x00007fb4bc0073f0,
0x00007fb5181c0430, 0x00007fb56c04a700, 0x00007fb508032ca0, 0x00007fb55c01daa0,
0x00007fb560010970, 0x00007fb560011080, 0x00007fb590096d90, 0x00007fb588043690,
0x00007fb52005a9b0, 0x00007fb55403c250, 0x00007fb4c4017580, 0x00007fb56803d6f0,
0x00007fb510028990, 0x00007fb53499e650, 0x00007fb64c009070, 0x00007fb5300375d0,
0x00007fb5300116e0
}

Java Threads: ( => current thread )
  0x00007fb6e401e450 JavaThread "main"                              [_thread_blocked, id=1292928, stack(0x00007fb6ec100000,0x00007fb6ec200000) (1024K)]
  0x00007fb6e4141b00 JavaThread "Reference Handler"          daemon [_thread_blocked, id=1292936, stack(0x00007fb6b8700000,0x00007fb6b8800000) (1024K)]
  0x00007fb6e4143080 JavaThread "Finalizer"                  daemon [_thread_blocked, id=1292937, stack(0x00007fb6b85ff000,0x00007fb6b86ff000) (1024K)]
  0x00007fb6e4144820 JavaThread "Signal Dispatcher"          daemon [_thread_blocked, id=1292938, stack(0x00007fb6b84fe000,0x00007fb6b85fe000) (1024K)]
  0x00007fb6e4145e70 JavaThread "Service Thread"             daemon [_thread_blocked, id=1292939, stack(0x00007fb6b83fd000,0x00007fb6b84fd000) (1024K)]
  0x00007fb6e4147420 JavaThread "Monitor Deflation Thread"   daemon [_thread_blocked, id=1292940, stack(0x00007fb6b82fc000,0x00007fb6b83fc000) (1024K)]
  0x00007fb6e4148ff0 JavaThread "C2 CompilerThread0"         daemon [_thread_blocked, id=1292941, stack(0x00007fb6b81fb000,0x00007fb6b82fb000) (1024K)]
  0x00007fb6e414a6c0 JavaThread "C1 CompilerThread0"         daemon [_thread_blocked, id=1292942, stack(0x00007fb6b80fa000,0x00007fb6b81fa000) (1024K)]
  0x00007fb6e4156f60 JavaThread "Notification Thread"        daemon [_thread_blocked, id=1292943, stack(0x00007fb662f00000,0x00007fb663000000) (1024K)]
  0x00007fb6e415a200 JavaThread "Common-Cleaner"             daemon [_thread_blocked, id=1292944, stack(0x00007fb662dff000,0x00007fb662eff000) (1024K)]
  0x00007fb6e4684e70 JavaThread "Java2D Disposer"            daemon [_thread_blocked, id=1292950, stack(0x00007fb660c2f000,0x00007fb660d2f000) (1024K)]
  0x00007fb6e46861c0 JavaThread "AWT-XAWT"                   daemon [_thread_in_native, id=1292951, stack(0x00007fb6603b7000,0x00007fb6604b7000) (1024K)]
  0x00007fb6e4a50c50 JavaThread "DefaultDispatcher-worker-1" daemon [_thread_blocked, id=1292960, stack(0x00007fb6143e9000,0x00007fb6144e9000) (1024K)]
  0x00007fb6e4a51940 JavaThread "DefaultDispatcher-worker-2" daemon [_thread_blocked, id=1292961, stack(0x00007fb6142e8000,0x00007fb6143e8000) (1024K)]
  0x00007fb5ec000f40 JavaThread "DefaultDispatcher-worker-3" daemon [_thread_blocked, id=1292962, stack(0x00007fb6141e7000,0x00007fb6142e7000) (1024K)]
  0x00007fb6e4a589e0 JavaThread "Reference Cleaner"          daemon [_thread_blocked, id=1292963, stack(0x00007fb6140e6000,0x00007fb6141e6000) (1024K)]
  0x00007fb5ec00dc40 JavaThread "kotlinx.coroutines.DefaultExecutor" daemon [_thread_blocked, id=1292964, stack(0x00007fb606efe000,0x00007fb606ffe000) (1024K)]
  0x00007fb6e4a99400 JavaThread "AWT-Shutdown"                      [_thread_blocked, id=1292965, stack(0x00007fb606dfd000,0x00007fb606efd000) (1024K)]
  0x00007fb6e4a9a550 JavaThread "AWT-EventQueue-0"                  [_thread_blocked, id=1292966, stack(0x00007fb606cfc000,0x00007fb606dfc000) (1024K)]
  0x00007fb5e401dea0 JavaThread "DefaultDispatcher-worker-4" daemon [_thread_blocked, id=1293007, stack(0x00007fb605beb000,0x00007fb605ceb000) (1024K)]
  0x00007fb5f000cd90 JavaThread "DefaultDispatcher-worker-5" daemon [_thread_blocked, id=1293008, stack(0x00007fb605700000,0x00007fb605800000) (1024K)]
  0x00007fb58c000f40 JavaThread "DefaultDispatcher-worker-7" daemon [_thread_blocked, id=1293010, stack(0x00007fb6054fe000,0x00007fb6055fe000) (1024K)]
  0x00007fb5f000dd00 JavaThread "DefaultDispatcher-worker-8" daemon [_thread_blocked, id=1293011, stack(0x00007fb6053fd000,0x00007fb6054fd000) (1024K)]
  0x00007fb58801bef0 JavaThread "DefaultDispatcher-worker-9" daemon [_thread_blocked, id=1293037, stack(0x00007fb6051fb000,0x00007fb6052fb000) (1024K)]
  0x00007fb578001c20 JavaThread "DefaultDispatcher-worker-10" daemon [_thread_blocked, id=1293038, stack(0x00007fb6050fa000,0x00007fb6051fa000) (1024K)]
  0x00007fb56c003770 JavaThread "DefaultDispatcher-worker-11" daemon [_thread_blocked, id=1293039, stack(0x00007fb604dff000,0x00007fb604eff000) (1024K)]
  0x00007fb590056f80 JavaThread "DefaultDispatcher-worker-12" daemon [_thread_blocked, id=1293040, stack(0x00007fb604cfe000,0x00007fb604dfe000) (1024K)]
  0x00007fb570000f40 JavaThread "DefaultDispatcher-worker-16" daemon [_thread_blocked, id=1293042, stack(0x00007fb604afc000,0x00007fb604bfc000) (1024K)]
  0x00007fb584001d60 JavaThread "DefaultDispatcher-worker-15" daemon [_thread_blocked, id=1293043, stack(0x00007fb6049fb000,0x00007fb604afb000) (1024K)]
  0x00007fb58c007250 JavaThread "DefaultDispatcher-worker-14" daemon [_thread_blocked, id=1293044, stack(0x00007fb6048fa000,0x00007fb6049fa000) (1024K)]
  0x00007fb590054b00 JavaThread "DefaultDispatcher-worker-20" daemon [_thread_blocked, id=1293083, stack(0x00007fb6043f5000,0x00007fb6044f5000) (1024K)]
  0x00007fb534004790 JavaThread "DefaultDispatcher-worker-21" daemon [_thread_blocked, id=1293105, stack(0x00007fb6042f4000,0x00007fb6043f4000) (1024K)]
  0x00007fb52c000f40 JavaThread "DefaultDispatcher-worker-23" daemon [_thread_blocked, id=1293107, stack(0x00007fb6040f2000,0x00007fb6041f2000) (1024K)]
  0x00007fb5540121e0 JavaThread "DefaultDispatcher-worker-24" daemon [_thread_blocked, id=1293108, stack(0x00007fb52bf00000,0x00007fb52c000000) (1024K)]
  0x00007fb584006b10 JavaThread "DefaultDispatcher-worker-13" daemon [_thread_in_native, id=1293110, stack(0x00007fb52bcfe000,0x00007fb52bdfe000) (1024K)]
  0x00007fb58801d3f0 JavaThread "DefaultDispatcher-worker-6" daemon [_thread_blocked, id=1293111, stack(0x00007fb52bbfd000,0x00007fb52bcfd000) (1024K)]
  0x00007fb5d4c71000 JavaThread "TimerQueue"                 daemon [_thread_blocked, id=1293118, stack(0x00007fb52b8fa000,0x00007fb52b9fa000) (1024K)]
  0x00007fb5d54f6040 JavaThread "process reaper (pid 1293146)" daemon [_thread_in_native, id=1293142, stack(0x00007fb52b866000,0x00007fb52b888000) (136K)]
  0x00007fb5580121f0 JavaThread "DefaultDispatcher-worker-19" daemon [_thread_blocked, id=1293151, stack(0x00007fb507f00000,0x00007fb508000000) (1024K)]
  0x00007fb4bc0073f0 JavaThread "skiko-dispatcher-to-block-on" daemon [_thread_blocked, id=1299448, stack(0x00007fb6055ff000,0x00007fb6056ff000) (1024K)]
  0x00007fb5181c0430 JavaThread "skiko-dispatcher-to-block-on" daemon [_thread_blocked, id=1301912, stack(0x00007fb604f00000,0x00007fb605000000) (1024K)]
  0x00007fb56c04a700 JavaThread "DefaultDispatcher-worker-26" daemon [_thread_blocked, id=1316591, stack(0x00007fb4fc0fc000,0x00007fb4fc1fc000) (1024K)]
  0x00007fb508032ca0 JavaThread "DefaultDispatcher-worker-28" daemon [_thread_blocked, id=1322970, stack(0x00007fb52bdff000,0x00007fb52beff000) (1024K)]
  0x00007fb55c01daa0 JavaThread "DefaultDispatcher-worker-27" daemon [_thread_blocked, id=1322971, stack(0x00007fb604bfd000,0x00007fb604cfd000) (1024K)]
  0x00007fb560010970 JavaThread "DefaultDispatcher-worker-18" daemon [_thread_blocked, id=1322972, stack(0x00007fb6044f6000,0x00007fb6045f6000) (1024K)]
  0x00007fb560011080 JavaThread "DefaultDispatcher-worker-29" daemon [_thread_blocked, id=1449401, stack(0x00007fb52b9fb000,0x00007fb52bafb000) (1024K)]
  0x00007fb590096d90 JavaThread "DefaultDispatcher-worker-22" daemon [_thread_blocked, id=1449473, stack(0x00007fb662afc000,0x00007fb662bfc000) (1024K)]
  0x00007fb588043690 JavaThread "DefaultDispatcher-worker-30" daemon [_thread_blocked, id=1848919, stack(0x00007fb6047f9000,0x00007fb6048f9000) (1024K)]
  0x00007fb52005a9b0 JavaThread "DefaultDispatcher-worker-17" daemon [_thread_blocked, id=2398659, stack(0x00007fb6041f3000,0x00007fb6042f3000) (1024K)]
  0x00007fb55403c250 JavaThread "DefaultDispatcher-worker-31" daemon [_thread_blocked, id=3710844, stack(0x00007fb662bfd000,0x00007fb662cfd000) (1024K)]
  0x00007fb4c4017580 JavaThread "DefaultDispatcher-worker-25" daemon [_thread_blocked, id=3769778, stack(0x00007fb6045f7000,0x00007fb6046f7000) (1024K)]
  0x00007fb56803d6f0 JavaThread "DefaultDispatcher-worker-32" daemon [_thread_blocked, id=3901084, stack(0x00007fb52bafc000,0x00007fb52bbfc000) (1024K)]
  0x00007fb510028990 JavaThread "process reaper"             daemon [_thread_blocked, id=3901920, stack(0x00007fb605bc8000,0x00007fb605bea000) (136K)]
  0x00007fb53499e650 JavaThread "process reaper"             daemon [_thread_blocked, id=3902018, stack(0x00007fb6140c3000,0x00007fb6140e5000) (136K)]
  0x00007fb64c009070 JavaThread "SIGTERM handler"            daemon [_thread_blocked, id=3906283, stack(0x00007fb6629fb000,0x00007fb662afb000) (1024K)]
=>0x00007fb5300375d0 JavaThread "KtorShutdownHook"                  [_thread_in_native, id=3906285, stack(0x00007fb662cfe000,0x00007fb662dfe000) (1024K)]
  0x00007fb5300116e0 JavaThread "XToolkt-Shutdown-Thread"           [_thread_in_vm, id=3906287, stack(0x00007fb606bfb000,0x00007fb606cfb000) (1024K)]
Total: 57

Other Threads:
  0x00007fb6e4134be0 VMThread "VM Thread"                           [id=1292935, stack(0x00007fb6b8b00000,0x00007fb6b8c00000) (1024K)]
  0x00007fb6e4122b60 WatcherThread "VM Periodic Task Thread"        [id=1292934, stack(0x00007fb6bacc4000,0x00007fb6badc4000) (1024K)]
  0x00007fb6e404b630 WorkerThread "GC Thread#0"                     [id=1292929, stack(0x00007fb6e9104000,0x00007fb6e9204000) (1024K)]
  0x00007fb650008b10 WorkerThread "GC Thread#1"                     [id=1292969, stack(0x00007fb6069f9000,0x00007fb606af9000) (1024K)]
  0x00007fb650009650 WorkerThread "GC Thread#2"                     [id=1292970, stack(0x00007fb6068f8000,0x00007fb6069f8000) (1024K)]
  0x00007fb65000a1d0 WorkerThread "GC Thread#3"                     [id=1292971, stack(0x00007fb6067f7000,0x00007fb6068f7000) (1024K)]
  0x00007fb65000ad50 WorkerThread "GC Thread#4"                     [id=1292972, stack(0x00007fb6066f6000,0x00007fb6067f6000) (1024K)]
  0x00007fb65000b8d0 WorkerThread "GC Thread#5"                     [id=1292973, stack(0x00007fb6065f5000,0x00007fb6066f5000) (1024K)]
  0x00007fb65000c480 WorkerThread "GC Thread#6"                     [id=1292974, stack(0x00007fb6064f4000,0x00007fb6065f4000) (1024K)]
  0x00007fb65000d030 WorkerThread "GC Thread#7"                     [id=1292975, stack(0x00007fb6063f3000,0x00007fb6064f3000) (1024K)]
  0x00007fb65000dbe0 WorkerThread "GC Thread#8"                     [id=1292976, stack(0x00007fb6062f2000,0x00007fb6063f2000) (1024K)]
  0x00007fb65000e790 WorkerThread "GC Thread#9"                     [id=1292977, stack(0x00007fb6061f1000,0x00007fb6062f1000) (1024K)]
  0x00007fb65000f730 WorkerThread "GC Thread#10"                    [id=1292978, stack(0x00007fb6060f0000,0x00007fb6061f0000) (1024K)]
  0x00007fb6500106d0 WorkerThread "GC Thread#11"                    [id=1292979, stack(0x00007fb605fef000,0x00007fb6060ef000) (1024K)]
  0x00007fb650011670 WorkerThread "GC Thread#12"                    [id=1292980, stack(0x00007fb605eee000,0x00007fb605fee000) (1024K)]
  0x00007fb6e405c680 ConcurrentGCThread "G1 Main Marker"            [id=1292930, stack(0x00007fb6e9003000,0x00007fb6e9103000) (1024K)]
  0x00007fb6e405d630 WorkerThread "G1 Conc#0"                       [id=1292931, stack(0x00007fb6e8f02000,0x00007fb6e9002000) (1024K)]
  0x00007fb6ac000ce0 WorkerThread "G1 Conc#1"                       [id=1293003, stack(0x00007fb605ded000,0x00007fb605eed000) (1024K)]
  0x00007fb6ac0018a0 WorkerThread "G1 Conc#2"                       [id=1293004, stack(0x00007fb605cec000,0x00007fb605dec000) (1024K)]
  0x00007fb6e4107da0 ConcurrentGCThread "G1 Refine#0"               [id=1292932, stack(0x00007fb6e80f4000,0x00007fb6e81f4000) (1024K)]
  0x00007fb6e4108d70 ConcurrentGCThread "G1 Service"                [id=1292933, stack(0x00007fb6e3f00000,0x00007fb6e4000000) (1024K)]
Total: 21

Threads with active compile tasks:
Total: 0

VM state: not at safepoint (normal execution)

VM Mutex/Monitor currently owned by a thread: None

Heap address: 0x0000000414800000, size: 16056 MB, Compressed Oops mode: Zero based, Oop shift amount: 3

CDS archive(s) mapped at: [0x00007fb663000000-0x00007fb663c9c000-0x00007fb663c9c000), size 13221888, SharedBaseAddress: 0x00007fb663000000, ArchiveRelocationMode: 1.
Compressed class space mapped at: 0x00007fb664000000-0x00007fb6a4000000, reserved size: 1073741824
Narrow klass base: 0x00007fb663000000, Narrow klass shift: 0, Narrow klass range: 0x100000000

GC Precious Log:
 CardTable entry size: 512
 Card Set container configuration: InlinePtr #cards 4 size 8 Array Of Cards #cards 64 size 144 Howl #buckets 8 coarsen threshold 14745 Howl Bitmap #cards 2048 size 272 coarsen threshold 1843 Card regions per heap region 1 cards per card region 16384
 CPUs: 16 total, 16 available
 Memory: 64217M
 Large Page Support: Disabled
 NUMA Support: Disabled
 Compressed Oops: Enabled (Zero based)
 Heap Region Size: 8M
 Heap Min Capacity: 8M
 Heap Initial Capacity: 1008M
 Heap Max Capacity: 16056M
 Pre-touch: Disabled
 Parallel Workers: 13
 Concurrent Workers: 3
 Concurrent Refinement Workers: 13
 Periodic GC: Disabled

Heap:
 garbage-first heap   total 163840K, used 109688K [0x0000000414800000, 0x0000000800000000)
  region size 8192K, 12 young (98304K), 2 survivors (16384K)
 Metaspace       used 75110K, committed 75840K, reserved 1179648K
  class space    used 7306K, committed 7616K, reserved 1048576K

Heap Regions: E=young(eden), S=young(survivor), O=old, HS=humongous(starts), HC=humongous(continues), CS=collection set, F=free, TAMS=top-at-mark-start, PB=parsable bottom
|   0|0x0000000414800000, 0x0000000414fffff8, 0x0000000415000000| 99%| O|  |TAMS 0x0000000414800000| PB 0x0000000414800000| Untracked 
|   1|0x0000000415000000, 0x00000004157fffe0, 0x0000000415800000| 99%| O|  |TAMS 0x0000000415000000| PB 0x0000000415000000| Untracked 
|   2|0x0000000415800000, 0x0000000415999ee8, 0x0000000416000000| 20%| O|Cm|TAMS 0x0000000415800000| PB 0x0000000415800000| Complete 
|   3|0x0000000416000000, 0x0000000416632598, 0x0000000416800000| 77%| O|  |TAMS 0x0000000416000000| PB 0x0000000416000000| Untracked 
|   4|0x0000000416800000, 0x0000000416800000, 0x0000000417000000|  0%| F|  |TAMS 0x0000000416800000| PB 0x0000000416800000| Untracked 
|   5|0x0000000417000000, 0x0000000417000000, 0x0000000417800000|  0%| F|  |TAMS 0x0000000417000000| PB 0x0000000417000000| Untracked 
|   6|0x0000000417800000, 0x0000000417800000, 0x0000000418000000|  0%| F|  |TAMS 0x0000000417800000| PB 0x0000000417800000| Untracked 
|   7|0x0000000418000000, 0x0000000418351c48, 0x0000000418800000| 41%| S|CS|TAMS 0x0000000418000000| PB 0x0000000418000000| Complete 
|   8|0x0000000418800000, 0x0000000418800000, 0x0000000419000000|  0%| F|  |TAMS 0x0000000418800000| PB 0x0000000418800000| Untracked 
|   9|0x0000000419000000, 0x0000000419800000, 0x0000000419800000|100%| S|CS|TAMS 0x0000000419000000| PB 0x0000000419000000| Complete 
|  10|0x0000000419800000, 0x000000041984dea8, 0x000000041a000000|  3%| E|  |TAMS 0x0000000419800000| PB 0x0000000419800000| Complete 
|  11|0x000000041a000000, 0x000000041a800000, 0x000000041a800000|100%| E|CS|TAMS 0x000000041a000000| PB 0x000000041a000000| Complete 
|  12|0x000000041a800000, 0x000000041b000000, 0x000000041b000000|100%| E|CS|TAMS 0x000000041a800000| PB 0x000000041a800000| Complete 
|  13|0x000000041b000000, 0x000000041b800000, 0x000000041b800000|100%| E|CS|TAMS 0x000000041b000000| PB 0x000000041b000000| Complete 
|  14|0x000000041b800000, 0x000000041c000000, 0x000000041c000000|100%| E|CS|TAMS 0x000000041b800000| PB 0x000000041b800000| Complete 
|  15|0x000000041c000000, 0x000000041c800000, 0x000000041c800000|100%| E|CS|TAMS 0x000000041c000000| PB 0x000000041c000000| Complete 
|  16|0x000000041c800000, 0x000000041d000000, 0x000000041d000000|100%| E|CS|TAMS 0x000000041c800000| PB 0x000000041c800000| Complete 
|  17|0x000000041d000000, 0x000000041d800000, 0x000000041d800000|100%| E|CS|TAMS 0x000000041d000000| PB 0x000000041d000000| Complete 
|  25|0x0000000421000000, 0x0000000421800000, 0x0000000421800000|100%| E|CS|TAMS 0x0000000421000000| PB 0x0000000421000000| Complete 
|  26|0x0000000421800000, 0x0000000422000000, 0x0000000422000000|100%| E|CS|TAMS 0x0000000421800000| PB 0x0000000421800000| Complete 

Card table byte_map: [0x00007fb6ca8a4000,0x00007fb6cc800000] _byte_map_base: 0x00007fb6c8800000

Marking Bits: (CMBitMap*) 0x00007fb6e404c0a0
 Bits: [0x00007fb6badc4000, 0x00007fb6ca8a4000)

Polling page: 0x00007fb6eded7000

Metaspace:

Usage:
  Non-class:     66.21 MB used.
      Class:      7.14 MB used.
       Both:     73.35 MB used.

Virtual space:
  Non-class space:      128.00 MB reserved,      66.62 MB ( 52%) committed,  2 nodes.
      Class space:        1.00 GB reserved,       7.44 MB ( <1%) committed,  1 nodes.
             Both:        1.12 GB reserved,      74.06 MB (  6%) committed. 

Chunk freelists:
   Non-Class:  12.61 MB
       Class:  8.50 MB
        Both:  21.11 MB

MaxMetaspaceSize: unlimited
CompressedClassSpaceSize: 1.00 GB
Initial GC threshold: 21.00 MB
Current GC threshold: 123.25 MB
CDS: on
 - commit_granule_bytes: 65536.
 - commit_granule_words: 8192.
 - virtual_space_node_default_size: 8388608.
 - enlarge_chunks_in_place: 1.
 - use_allocation_guard: 0.


Internal statistics:

num_allocs_failed_limit: 15.
num_arena_births: 1308.
num_arena_deaths: 230.
num_vsnodes_births: 3.
num_vsnodes_deaths: 0.
num_space_committed: 1185.
num_space_uncommitted: 0.
num_chunks_returned_to_freelist: 301.
num_chunks_taken_from_freelist: 3927.
num_chunk_merges: 78.
num_chunk_splits: 2550.
num_chunks_enlarged: 1849.
num_inconsistent_stats: 0.

CodeHeap 'non-profiled nmethods': size=119168Kb used=18015Kb max_used=18361Kb free=101152Kb
 bounds [0x00007fb6d43a0000, 0x00007fb6d55b0000, 0x00007fb6db800000]
CodeHeap 'profiled nmethods': size=119164Kb used=11960Kb max_used=30519Kb free=107203Kb
 bounds [0x00007fb6cc800000, 0x00007fb6ce620000, 0x00007fb6d3c5f000]
CodeHeap 'non-nmethods': size=7428Kb used=3451Kb max_used=5168Kb free=3977Kb
 bounds [0x00007fb6d3c5f000, 0x00007fb6d41cf000, 0x00007fb6d43a0000]
CodeCache: size=245760Kb, used=33426Kb, max_used=54048Kb, free=212332Kb
 total_blobs=9924, nmethods=7796, adapters=2033, full_count=0
Compilation: enabled, stopped_count=0, restarted_count=0

Compilation events (20 events):
Event: 71462.786 Thread 0x00007fb6e4148ff0 25800       4       java.util.concurrent.atomic.AtomicBoolean::compareAndSet (26 bytes)
Event: 71462.787 Thread 0x00007fb6e4148ff0 nmethod 25800 0x00007fb6d4e03510 code [0x00007fb6d4e03680, 0x00007fb6d4e03728]
Event: 71462.794 Thread 0x00007fb6e414a6c0 25803   !   3       java.util.jar.Attributes::read (494 bytes)
Event: 71462.794 Thread 0x00007fb6e4148ff0 25802       4       java.util.jar.Manifest$FastInputStream::readLine (296 bytes)
Event: 71462.796 Thread 0x00007fb6e414a6c0 nmethod 25803 0x00007fb6cdf91090 code [0x00007fb6cdf91820, 0x00007fb6cdf954d0]
Event: 71462.796 Thread 0x00007fb6e414a6c0 25804       3       java.util.jar.Attributes::putValue (13 bytes)
Event: 71462.796 Thread 0x00007fb6e414a6c0 nmethod 25804 0x00007fb6cca51910 code [0x00007fb6cca51b40, 0x00007fb6cca52350]
Event: 71462.796 Thread 0x00007fb6e414a6c0 25805       3       java.util.jar.Attributes::put (18 bytes)
Event: 71462.796 Thread 0x00007fb6e414a6c0 nmethod 25805 0x00007fb6cdbfc790 code [0x00007fb6cdbfc940, 0x00007fb6cdbfccf0]
Event: 71462.796 Thread 0x00007fb6e414a6c0 25809       3       java.util.jar.Manifest$FastInputStream::peek (38 bytes)
Event: 71462.796 Thread 0x00007fb6e414a6c0 nmethod 25809 0x00007fb6ce149990 code [0x00007fb6ce149b40, 0x00007fb6ce149d58]
Event: 71462.796 Thread 0x00007fb6e414a6c0 25808       3       java.util.jar.Attributes$Name::of (28 bytes)
Event: 71462.797 Thread 0x00007fb6e414a6c0 nmethod 25808 0x00007fb6ce1c8090 code [0x00007fb6ce1c82a0, 0x00007fb6ce1c8808]
Event: 71462.799 Thread 0x00007fb6e4148ff0 nmethod 25802 0x00007fb6d4e02a90 code [0x00007fb6d4e02c40, 0x00007fb6d4e031d0]
Event: 71462.799 Thread 0x00007fb6e4148ff0 25810   !   4       java.util.jar.JarFile::checkForSpecialAttributes (163 bytes)
Event: 71462.803 Thread 0x00007fb6e4148ff0 nmethod 25810 0x00007fb6d5089490 code [0x00007fb6d50896e0, 0x00007fb6d508a250]
Event: 71462.803 Thread 0x00007fb6e4148ff0 25807       4       io.ktor.network.selector.ActorSelectorManager$ContinuationHolder::resume (35 bytes)
Event: 71462.805 Thread 0x00007fb6e4148ff0 nmethod 25807 0x00007fb6d4e02210 code [0x00007fb6d4e023c0, 0x00007fb6d4e02700]
Event: 71462.805 Thread 0x00007fb6e4148ff0 25806       4       kotlinx.coroutines.EventLoopImplBase::scheduleImpl (78 bytes)
Event: 71462.807 Thread 0x00007fb6e4148ff0 nmethod 25806 0x00007fb6d5088590 code [0x00007fb6d5088760, 0x00007fb6d5088f08]

GC Heap History (20 events):
Event: 71197.923 GC heap before
{Heap before GC invocations=5459 (full 121):
 garbage-first heap   total 589824K, used 163500K [0x0000000414800000, 0x0000000800000000)
  region size 8192K, 18 young (147456K), 1 survivors (8192K)
 Metaspace       used 75045K, committed 75776K, reserved 1179648K
  class space    used 7296K, committed 7616K, reserved 1048576K
}
Event: 71198.238 GC heap after
{Heap after GC invocations=5460 (full 122):
 garbage-first heap   total 221184K, used 29542K [0x0000000414800000, 0x0000000800000000)
  region size 8192K, 0 young (0K), 0 survivors (0K)
 Metaspace       used 75045K, committed 75776K, reserved 1179648K
  class space    used 7296K, committed 7616K, reserved 1048576K
}
Event: 71229.979 GC heap before
{Heap before GC invocations=5460 (full 122):
 garbage-first heap   total 221184K, used 152422K [0x0000000414800000, 0x0000000800000000)
  region size 8192K, 15 young (122880K), 0 survivors (0K)
 Metaspace       used 75045K, committed 75776K, reserved 1179648K
  class space    used 7296K, committed 7616K, reserved 1048576K
}
Event: 71229.999 GC heap after
{Heap after GC invocations=5461 (full 122):
 garbage-first heap   total 221184K, used 41673K [0x0000000414800000, 0x0000000800000000)
  region size 8192K, 2 young (16384K), 2 survivors (16384K)
 Metaspace       used 75045K, committed 75776K, reserved 1179648K
  class space    used 7296K, committed 7616K, reserved 1048576K
}
Event: 71261.152 GC heap before
{Heap before GC invocations=5462 (full 122):
 garbage-first heap   total 221184K, used 139977K [0x0000000414800000, 0x0000000800000000)
  region size 8192K, 15 young (122880K), 2 survivors (16384K)
 Metaspace       used 75045K, committed 75776K, reserved 1179648K
  class space    used 7296K, committed 7616K, reserved 1048576K
}
Event: 71261.173 GC heap after
{Heap after GC invocations=5463 (full 122):
 garbage-first heap   total 221184K, used 32638K [0x0000000414800000, 0x0000000800000000)
  region size 8192K, 1 young (8192K), 1 survivors (8192K)
 Metaspace       used 75045K, committed 75776K, reserved 1179648K
  class space    used 7296K, committed 7616K, reserved 1048576K
}
Event: 71292.267 GC heap before
{Heap before GC invocations=5463 (full 122):
 garbage-first heap   total 221184K, used 147326K [0x0000000414800000, 0x0000000800000000)
  region size 8192K, 15 young (122880K), 1 survivors (8192K)
 Metaspace       used 75045K, committed 75776K, reserved 1179648K
  class space    used 7296K, committed 7616K, reserved 1048576K
}
Event: 71292.273 GC heap after
{Heap after GC invocations=5464 (full 122):
 garbage-first heap   total 221184K, used 30685K [0x0000000414800000, 0x0000000800000000)
  region size 8192K, 1 young (8192K), 1 survivors (8192K)
 Metaspace       used 75045K, committed 75776K, reserved 1179648K
  class space    used 7296K, committed 7616K, reserved 1048576K
}
Event: 71323.433 GC heap before
{Heap before GC invocations=5464 (full 122):
 garbage-first heap   total 221184K, used 145373K [0x0000000414800000, 0x0000000800000000)
  region size 8192K, 16 young (131072K), 1 survivors (8192K)
 Metaspace       used 75045K, committed 75776K, reserved 1179648K
  class space    used 7296K, committed 7616K, reserved 1048576K
}
Event: 71323.442 GC heap after
{Heap after GC invocations=5465 (full 122):
 garbage-first heap   total 221184K, used 31530K [0x0000000414800000, 0x0000000800000000)
  region size 8192K, 1 young (8192K), 1 survivors (8192K)
 Metaspace       used 75045K, committed 75776K, reserved 1179648K
  class space    used 7296K, committed 7616K, reserved 1048576K
}
Event: 71354.531 GC heap before
{Heap before GC invocations=5465 (full 122):
 garbage-first heap   total 221184K, used 146218K [0x0000000414800000, 0x0000000800000000)
  region size 8192K, 16 young (131072K), 1 survivors (8192K)
 Metaspace       used 75045K, committed 75776K, reserved 1179648K
  class space    used 7296K, committed 7616K, reserved 1048576K
}
Event: 71354.556 GC heap after
{Heap after GC invocations=5466 (full 122):
 garbage-first heap   total 221184K, used 34756K [0x0000000414800000, 0x0000000800000000)
  region size 8192K, 2 young (16384K), 2 survivors (16384K)
 Metaspace       used 75045K, committed 75776K, reserved 1179648K
  class space    used 7296K, committed 7616K, reserved 1048576K
}
Event: 71386.383 GC heap before
{Heap before GC invocations=5467 (full 122):
 garbage-first heap   total 163840K, used 108484K [0x0000000414800000, 0x0000000800000000)
  region size 8192K, 12 young (98304K), 2 survivors (16384K)
 Metaspace       used 75045K, committed 75776K, reserved 1179648K
  class space    used 7296K, committed 7616K, reserved 1048576K
}
Event: 71386.391 GC heap after
{Heap after GC invocations=5468 (full 122):
 garbage-first heap   total 163840K, used 27238K [0x0000000414800000, 0x0000000800000000)
  region size 8192K, 1 young (8192K), 1 survivors (8192K)
 Metaspace       used 75045K, committed 75776K, reserved 1179648K
  class space    used 7296K, committed 7616K, reserved 1048576K
}
Event: 71388.744 GC heap before
{Heap before GC invocations=5468 (full 122):
 garbage-first heap   total 163840K, used 109158K [0x0000000414800000, 0x0000000800000000)
  region size 8192K, 12 young (98304K), 1 survivors (8192K)
 Metaspace       used 75045K, committed 75776K, reserved 1179648K
  class space    used 7296K, committed 7616K, reserved 1048576K
}
Event: 71388.756 GC heap after
{Heap after GC invocations=5469 (full 122):
 garbage-first heap   total 163840K, used 25302K [0x0000000414800000, 0x0000000800000000)
  region size 8192K, 1 young (8192K), 1 survivors (8192K)
 Metaspace       used 75045K, committed 75776K, reserved 1179648K
  class space    used 7296K, committed 7616K, reserved 1048576K
}
Event: 71417.680 GC heap before
{Heap before GC invocations=5469 (full 122):
 garbage-first heap   total 163840K, used 115414K [0x0000000414800000, 0x0000000800000000)
  region size 8192K, 12 young (98304K), 1 survivors (8192K)
 Metaspace       used 75045K, committed 75776K, reserved 1179648K
  class space    used 7296K, committed 7616K, reserved 1048576K
}
Event: 71417.694 GC heap after
{Heap after GC invocations=5470 (full 122):
 garbage-first heap   total 163840K, used 32896K [0x0000000414800000, 0x0000000800000000)
  region size 8192K, 2 young (16384K), 2 survivors (16384K)
 Metaspace       used 75045K, committed 75776K, reserved 1179648K
  class space    used 7296K, committed 7616K, reserved 1048576K
}
Event: 71448.483 GC heap before
{Heap before GC invocations=5471 (full 122):
 garbage-first heap   total 163840K, used 114816K [0x0000000414800000, 0x0000000800000000)
  region size 8192K, 12 young (98304K), 2 survivors (16384K)
 Metaspace       used 75045K, committed 75776K, reserved 1179648K
  class space    used 7296K, committed 7616K, reserved 1048576K
}
Event: 71448.491 GC heap after
{Heap after GC invocations=5472 (full 122):
 garbage-first heap   total 163840K, used 35960K [0x0000000414800000, 0x0000000800000000)
  region size 8192K, 2 young (16384K), 2 survivors (16384K)
 Metaspace       used 75045K, committed 75776K, reserved 1179648K
  class space    used 7296K, committed 7616K, reserved 1048576K
}

Dll operation events (20 events):
Event: 0.117 Attempting to load shared library /usr/lib/jvm/java-21-openjdk-amd64/lib/libnet.so
Event: 0.117 Loaded shared library /usr/lib/jvm/java-21-openjdk-amd64/lib/libnet.so
Event: 0.120 Attempting to load shared library /home/rhomancer/.skiko/skiko-linux-x64-434f7633c843870c0839a1137b128f6c3db3c5d58dcad3545e90827e3e341afb/libskiko-linux-x64.so
Event: 0.123 Loaded shared library /home/rhomancer/.skiko/skiko-linux-x64-434f7633c843870c0839a1137b128f6c3db3c5d58dcad3545e90827e3e341afb/libskiko-linux-x64.so
Event: 0.139 Attempting to load shared library /usr/lib/jvm/java-21-openjdk-amd64/lib/libawt.so
Event: 0.139 Loaded shared library /usr/lib/jvm/java-21-openjdk-amd64/lib/libawt.so
Event: 0.141 Attempting to load shared library /usr/lib/jvm/java-21-openjdk-amd64/lib/libawt_xawt.so
Event: 0.141 Loaded shared library /usr/lib/jvm/java-21-openjdk-amd64/lib/libawt_xawt.so
Event: 0.163 Attempting to load shared library /usr/lib/jvm/java-21-openjdk-amd64/lib/libfontmanager.so
Event: 0.164 Loaded shared library /usr/lib/jvm/java-21-openjdk-amd64/lib/libfontmanager.so
Event: 0.448 Attempting to load shared library /usr/lib/jvm/java-21-openjdk-amd64/lib/libprefs.so
Event: 0.448 Loaded shared library /usr/lib/jvm/java-21-openjdk-amd64/lib/libprefs.so
Event: 0.919 Attempting to load shared library /tmp/sqlite-3.45.2.0-b70fa59b-1bec-4904-b697-576556cf0ca8-libsqlitejdbc.so
Event: 0.919 Loaded shared library /tmp/sqlite-3.45.2.0-b70fa59b-1bec-4904-b697-576556cf0ca8-libsqlitejdbc.so
Event: 1.053 Attempting to load shared library /usr/lib/jvm/java-21-openjdk-amd64/lib/libextnet.so
Event: 1.053 Loaded shared library /usr/lib/jvm/java-21-openjdk-amd64/lib/libextnet.so
Event: 1.408 Attempting to load shared library /usr/lib/jvm/java-21-openjdk-amd64/lib/libmanagement.so
Event: 1.408 Loaded shared library /usr/lib/jvm/java-21-openjdk-amd64/lib/libmanagement.so
Event: 1.409 Attempting to load shared library /usr/lib/jvm/java-21-openjdk-amd64/lib/libmanagement_ext.so
Event: 1.409 Loaded shared library /usr/lib/jvm/java-21-openjdk-amd64/lib/libmanagement_ext.so

Deoptimization events (20 events):
Event: 71462.797 Thread 0x00007fb5300375d0 Uncommon trap: trap_request=0xffffffc6 fr.pc=0x00007fb6d48e5974 relative=0x00000000000007b4
Event: 71462.797 Thread 0x00007fb5300375d0 Uncommon trap: reason=bimorphic_or_optimized_type_check action=maybe_recompile pc=0x00007fb6d48e5974 method=kotlinx.coroutines.AbstractCoroutine.<init>(Lkotlin/coroutines/CoroutineContext;ZZ)V @ 18 c2
Event: 71462.797 Thread 0x00007fb5300375d0 DEOPT PACKING pc=0x00007fb6d48e5974 sp=0x00007fb662dfc1d0
Event: 71462.797 Thread 0x00007fb5300375d0 DEOPT UNPACKING pc=0x00007fb6d3cb2f99 sp=0x00007fb662dfc1a0 mode 2
Event: 71462.798 Thread 0x00007fb5300375d0 Uncommon trap: trap_request=0xffffffde fr.pc=0x00007fb6d4c55380 relative=0x00000000000009a0
Event: 71462.798 Thread 0x00007fb5300375d0 Uncommon trap: reason=class_check action=maybe_recompile pc=0x00007fb6d4c55380 method=kotlinx.coroutines.JobSupport.cancelImpl$kotlinx_coroutines_core(Ljava/lang/Object;)Z @ 75 c2
Event: 71462.798 Thread 0x00007fb5300375d0 DEOPT PACKING pc=0x00007fb6d4c55380 sp=0x00007fb662dfbad0
Event: 71462.798 Thread 0x00007fb5300375d0 DEOPT UNPACKING pc=0x00007fb6d3cb2f99 sp=0x00007fb662dfbab0 mode 2
Event: 71462.798 Thread 0x00007fb5300375d0 Uncommon trap: trap_request=0xffffff45 fr.pc=0x00007fb6d4dde230 relative=0x0000000000000490
Event: 71462.798 Thread 0x00007fb5300375d0 Uncommon trap: reason=unstable_if action=reinterpret pc=0x00007fb6d4dde230 method=io.ktor.util.ConcurrentSafeAttributes.computeIfAbsent(Lio/ktor/util/AttributeKey;Lkotlin/jvm/functions/Function0;)Ljava/lang/Object; @ 21 c2
Event: 71462.798 Thread 0x00007fb5300375d0 DEOPT PACKING pc=0x00007fb6d4dde230 sp=0x00007fb662dfbb80
Event: 71462.798 Thread 0x00007fb5300375d0 DEOPT UNPACKING pc=0x00007fb6d3cb2f99 sp=0x00007fb662dfbb60 mode 2
Event: 71462.798 Thread 0x00007fb5300375d0 Uncommon trap: trap_request=0xffffffde fr.pc=0x00007fb6d4669d8c relative=0x000000000000054c
Event: 71462.798 Thread 0x00007fb5300375d0 Uncommon trap: reason=class_check action=maybe_recompile pc=0x00007fb6d4669d8c method=kotlinx.coroutines.intrinsics.UndispatchedKt.startUndispatched(Lkotlinx/coroutines/internal/ScopeCoroutine;ZLjava/lang/Object;Lkotlin/jvm/functions/Function2;)Ljava/lang
Event: 71462.798 Thread 0x00007fb5300375d0 DEOPT PACKING pc=0x00007fb6d4669d8c sp=0x00007fb662dfbed0
Event: 71462.798 Thread 0x00007fb5300375d0 DEOPT UNPACKING pc=0x00007fb6d3cb2f99 sp=0x00007fb662dfbe88 mode 2
Event: 71462.798 Thread 0x00007fb5300375d0 Uncommon trap: trap_request=0xffffffde fr.pc=0x00007fb6d4647740 relative=0x00000000000000a0
Event: 71462.798 Thread 0x00007fb5300375d0 Uncommon trap: reason=class_check action=maybe_recompile pc=0x00007fb6d4647740 method=io.ktor.util.collections.CopyOnWriteHashMap.get(Ljava/lang/Object;)Ljava/lang/Object; @ 10 c2
Event: 71462.798 Thread 0x00007fb5300375d0 DEOPT PACKING pc=0x00007fb6d4647740 sp=0x00007fb662dfc600
Event: 71462.798 Thread 0x00007fb5300375d0 DEOPT UNPACKING pc=0x00007fb6d3cb2f99 sp=0x00007fb662dfc518 mode 2

Classes loaded (20 events):
Event: 68770.655 Loading class sun/datatransfer/DataFlavorUtil$DataFlavorComparator
Event: 68770.655 Loading class sun/datatransfer/DataFlavorUtil$DataFlavorComparator done
Event: 68770.655 Loading class sun/datatransfer/DataFlavorUtil$RMI
Event: 68770.655 Loading class sun/datatransfer/DataFlavorUtil$RMI done
Event: 68770.655 Loading class java/rmi/Remote
Event: 68770.655 Loading class java/rmi/Remote done
Event: 68770.655 Loading class java/rmi/MarshalledObject
Event: 68770.655 Loading class java/rmi/MarshalledObject done
Event: 68773.245 Loading class sun/awt/im/CompositionArea
Event: 68773.246 Loading class sun/awt/im/CompositionArea done
Event: 71462.785 Loading class jdk/internal/misc/Signal$1
Event: 71462.785 Loading class jdk/internal/misc/Signal$1 done
Event: 71462.786 Loading class sun/awt/X11/XSystemTrayPeer
Event: 71462.798 Loading class sun/nio/fs/LinuxWatchService
Event: 71462.824 Loading class sun/nio/fs/AbstractWatchService
Event: 71462.824 Loading class java/awt/peer/SystemTrayPeer
Event: 71462.824 Loading class sun/nio/fs/AbstractWatchService done
Event: 71462.824 Loading class sun/nio/fs/LinuxWatchService done
Event: 71462.824 Loading class java/awt/peer/SystemTrayPeer done
Event: 71462.824 Loading class sun/awt/X11/XSystemTrayPeer done

Classes unloaded (20 events):
Event: 16042.425 Thread 0x00007fb6e4134be0 Unloading class 0x00007fb66401ac00 'java/lang/invoke/LambdaForm$MH+0x00007fb66401ac00'
Event: 16042.425 Thread 0x00007fb6e4134be0 Unloading class 0x00007fb664019800 'java/lang/invoke/LambdaForm$MH+0x00007fb664019800'
Event: 16042.425 Thread 0x00007fb6e4134be0 Unloading class 0x00007fb664012800 'java/lang/invoke/LambdaForm$MH+0x00007fb664012800'
Event: 16042.425 Thread 0x00007fb6e4134be0 Unloading class 0x00007fb664012400 'java/lang/invoke/LambdaForm$MH+0x00007fb664012400'
Event: 16042.425 Thread 0x00007fb6e4134be0 Unloading class 0x00007fb664012000 'java/lang/invoke/LambdaForm$MH+0x00007fb664012000'
Event: 16042.425 Thread 0x00007fb6e4134be0 Unloading class 0x00007fb664011800 'java/lang/invoke/LambdaForm$MH+0x00007fb664011800'
Event: 16042.425 Thread 0x00007fb6e4134be0 Unloading class 0x00007fb664010800 'java/lang/invoke/LambdaForm$MH+0x00007fb664010800'
Event: 16042.425 Thread 0x00007fb6e4134be0 Unloading class 0x00007fb664010400 'java/lang/invoke/LambdaForm$MH+0x00007fb664010400'
Event: 18920.166 Thread 0x00007fb6e4134be0 Unloading class 0x00007fb664264800 'java/lang/invoke/LambdaForm$MH+0x00007fb664264800'
Event: 18920.166 Thread 0x00007fb6e4134be0 Unloading class 0x00007fb66401a400 'java/lang/invoke/LambdaForm$MH+0x00007fb66401a400'
Event: 18920.166 Thread 0x00007fb6e4134be0 Unloading class 0x00007fb664019400 'java/lang/invoke/LambdaForm$MH+0x00007fb664019400'
Event: 18920.166 Thread 0x00007fb6e4134be0 Unloading class 0x00007fb664018c00 'java/lang/invoke/LambdaForm$MH+0x00007fb664018c00'
Event: 18920.166 Thread 0x00007fb6e4134be0 Unloading class 0x00007fb664018400 'java/lang/invoke/LambdaForm$MH+0x00007fb664018400'
Event: 18920.166 Thread 0x00007fb6e4134be0 Unloading class 0x00007fb664013800 'java/lang/invoke/LambdaForm$MH+0x00007fb664013800'
Event: 21031.597 Thread 0x00007fb6e4134be0 Unloading class 0x00007fb66401f800 'java/lang/invoke/LambdaForm$MH+0x00007fb66401f800'
Event: 21031.597 Thread 0x00007fb6e4134be0 Unloading class 0x00007fb66401f400 'java/lang/invoke/LambdaForm$MH+0x00007fb66401f400'
Event: 21031.597 Thread 0x00007fb6e4134be0 Unloading class 0x00007fb66401ec00 'java/lang/invoke/LambdaForm$MH+0x00007fb66401ec00'
Event: 21309.923 Thread 0x00007fb6e4134be0 Unloading class 0x00007fb66401e000 'java/lang/invoke/LambdaForm$MH+0x00007fb66401e000'
Event: 21309.923 Thread 0x00007fb6e4134be0 Unloading class 0x00007fb66401dc00 'java/lang/invoke/LambdaForm$MH+0x00007fb66401dc00'
Event: 21309.923 Thread 0x00007fb6e4134be0 Unloading class 0x00007fb66401d800 'java/lang/invoke/LambdaForm$MH+0x00007fb66401d800'

Classes redefined (0 events):
No events

Internal exceptions (20 events):
Event: 32810.371 Thread 0x00007fb6e4a9a550 Implicit null exception at 0x00007fb6d44484e7 to 0x00007fb6d444a998
Event: 37089.017 Thread 0x00007fb578001c20 Implicit null exception at 0x00007fb6d544198a to 0x00007fb6d544587a
Event: 42994.120 Thread 0x00007fb560011080 Implicit null exception at 0x00007fb6d535fd09 to 0x00007fb6d5361a90
Event: 52010.599 Thread 0x00007fb6e4a9a550 Implicit null exception at 0x00007fb6d4b3678e to 0x00007fb6d4b38ae4
Event: 68373.398 Thread 0x00007fb570000f40 Implicit null exception at 0x00007fb6d48cca15 to 0x00007fb6d48cd520
Event: 68760.134 Thread 0x00007fb6e4a9a550 Implicit null exception at 0x00007fb6d4d062a3 to 0x00007fb6d4d063b0
Event: 68760.156 Thread 0x00007fb6e4a9a550 Implicit null exception at 0x00007fb6d444c8ba to 0x00007fb6d444c968
Event: 68760.180 Thread 0x00007fb6e4a9a550 Implicit null exception at 0x00007fb6d4e6b989 to 0x00007fb6d4e6c068
Event: 68760.234 Thread 0x00007fb6e4a9a550 Implicit null exception at 0x00007fb6d5291de8 to 0x00007fb6d5291e80
Event: 68770.072 Thread 0x00007fb6e4a9a550 Implicit null exception at 0x00007fb6d484c888 to 0x00007fb6d484e778
Event: 68770.089 Thread 0x00007fb6e4a9a550 Exception <a 'java/lang/NoSuchMethodError'{0x0000000422cb2000}: 'java.lang.Object java.lang.invoke.DirectMethodHandle$Holder.invokeStatic(java.lang.Object, java.lang.Object, float, long)'> (0x0000000422cb2000) 
thrown [./src/hotspot/share/interpreter/linkResolver.cpp, line 772]
Event: 68770.090 Thread 0x00007fb6e4a9a550 Exception <a 'java/lang/NoSuchMethodError'{0x0000000422cb8998}: 'java.lang.Object java.lang.invoke.DirectMethodHandle$Holder.newInvokeSpecial(java.lang.Object, java.lang.Object, float)'> (0x0000000422cb8998) 
thrown [./src/hotspot/share/interpreter/linkResolver.cpp, line 772]
Event: 68770.216 Thread 0x00007fb6e4a9a550 Implicit null exception at 0x00007fb6d51af5bb to 0x00007fb6d51b00b0
Event: 68770.651 Thread 0x00007fb6e4a9a550 Exception <a 'java/lang/NoSuchMethodError'{0x000000041b8c1bc8}: 'void java.lang.invoke.DirectMethodHandle$Holder.invokeSpecial(java.lang.Object, java.lang.Object, java.lang.Object, java.lang.Object, java.lang.Object)'> (0x000000041b8c1bc8) 
thrown [./src/hotspot/share/interpreter/linkResolver.cpp, line 772]
Event: 68770.660 Thread 0x00007fb6e4a9a550 Implicit null exception at 0x00007fb6d4d9056b to 0x00007fb6d4d913f8
Event: 69029.953 Thread 0x00007fb534004790 Implicit null exception at 0x00007fb6d456b639 to 0x00007fb6d456b844
Event: 69029.953 Thread 0x00007fb534004790 Implicit null exception at 0x00007fb6d483d3e5 to 0x00007fb6d483e628
Event: 69029.954 Thread 0x00007fb534004790 Implicit null exception at 0x00007fb6d4c2243c to 0x00007fb6d4c22538
Event: 71462.795 Thread 0x00007fb5300375d0 Implicit null exception at 0x00007fb6d52957e4 to 0x00007fb6d52966f8
Event: 71462.796 Thread 0x00007fb5300375d0 Implicit null exception at 0x00007fb6d508aa66 to 0x00007fb6d508b294

ZGC Phase Switch (0 events):
No events

VM Operations (20 events):
Event: 71361.571 Executing non-safepoint VM operation: HandshakeAllThreads (HandshakeForDeflation)
Event: 71361.571 Executing non-safepoint VM operation: HandshakeAllThreads (HandshakeForDeflation) done
Event: 71361.571 Executing non-safepoint VM operation: RendezvousGCThreads
Event: 71361.571 Executing non-safepoint VM operation: RendezvousGCThreads done
Event: 71386.383 Executing safepoint VM operation: G1CollectForAllocation (G1 Evacuation Pause)
Event: 71386.391 Executing safepoint VM operation: G1CollectForAllocation (G1 Evacuation Pause) done
Event: 71388.744 Executing safepoint VM operation: G1CollectForAllocation (G1 Evacuation Pause)
Event: 71388.759 Executing safepoint VM operation: G1CollectForAllocation (G1 Evacuation Pause) done
Event: 71417.680 Executing safepoint VM operation: G1CollectForAllocation (G1 Evacuation Pause)
Event: 71417.694 Executing safepoint VM operation: G1CollectForAllocation (G1 Evacuation Pause) done
Event: 71417.719 Executing safepoint VM operation: G1PauseRemark
Event: 71417.731 Executing safepoint VM operation: G1PauseRemark done
Event: 71417.738 Executing safepoint VM operation: G1PauseCleanup
Event: 71417.738 Executing safepoint VM operation: G1PauseCleanup done
Event: 71421.664 Executing non-safepoint VM operation: HandshakeAllThreads (HandshakeForDeflation)
Event: 71421.664 Executing non-safepoint VM operation: HandshakeAllThreads (HandshakeForDeflation) done
Event: 71421.664 Executing non-safepoint VM operation: RendezvousGCThreads
Event: 71421.664 Executing non-safepoint VM operation: RendezvousGCThreads done
Event: 71448.483 Executing safepoint VM operation: G1CollectForAllocation (G1 Evacuation Pause)
Event: 71448.491 Executing safepoint VM operation: G1CollectForAllocation (G1 Evacuation Pause) done

Memory protections (20 events):
Event: 70666.502 Protecting memory [0x00007fb605bc8000,0x00007fb605bcc000] with protection modes 0
Event: 70669.062 Protecting memory [0x00007fb6140c3000,0x00007fb6140c7000] with protection modes 0
Event: 70788.121 Protecting memory [0x00007fb6140c3000,0x00007fb6140c7000] with protection modes 0
Event: 70789.667 Protecting memory [0x00007fb605bc8000,0x00007fb605bcc000] with protection modes 0
Event: 70909.800 Protecting memory [0x00007fb6140c3000,0x00007fb6140c7000] with protection modes 0
Event: 70911.460 Protecting memory [0x00007fb605bc8000,0x00007fb605bcc000] with protection modes 0
Event: 71031.789 Protecting memory [0x00007fb605bc8000,0x00007fb605bcc000] with protection modes 0
Event: 71033.557 Protecting memory [0x00007fb6140c3000,0x00007fb6140c7000] with protection modes 0
Event: 71104.058 Protecting memory [0x00007fb52bafc000,0x00007fb52bb00000] with protection modes 0
Event: 71154.631 Protecting memory [0x00007fb6140c3000,0x00007fb6140c7000] with protection modes 0
Event: 71156.373 Protecting memory [0x00007fb605bc8000,0x00007fb605bcc000] with protection modes 0
Event: 71276.533 Protecting memory [0x00007fb605bc8000,0x00007fb605bcc000] with protection modes 0
Event: 71278.223 Protecting memory [0x00007fb6140c3000,0x00007fb6140c7000] with protection modes 0
Event: 71385.245 Protecting memory [0x00007fb52bafc000,0x00007fb52bb00000] with protection modes 0
Event: 71398.781 Protecting memory [0x00007fb605bc8000,0x00007fb605bcc000] with protection modes 0
Event: 71400.229 Protecting memory [0x00007fb6140c3000,0x00007fb6140c7000] with protection modes 0
Event: 71462.785 Protecting memory [0x00007fb6629fb000,0x00007fb6629ff000] with protection modes 0
Event: 71462.785 Protecting memory [0x00007fb662cfe000,0x00007fb662d02000] with protection modes 0
Event: 71462.785 Protecting memory [0x00007fb6052fc000,0x00007fb605300000] with protection modes 0
Event: 71462.786 Protecting memory [0x00007fb606bfb000,0x00007fb606bff000] with protection modes 0

Nmethod flushes (20 events):
Event: 70978.148 Thread 0x00007fb6e4134be0 flushing  nmethod 0x00007fb6ce149990
Event: 70978.148 Thread 0x00007fb6e4134be0 flushing  nmethod 0x00007fb6d52e4010
Event: 70978.148 Thread 0x00007fb6e4134be0 flushing  nmethod 0x00007fb6ccd1a690
Event: 71040.624 Thread 0x00007fb6e4134be0 flushing  nmethod 0x00007fb6cca51910
Event: 71040.624 Thread 0x00007fb6e4134be0 flushing  nmethod 0x00007fb6ce2da590
Event: 71198.022 Thread 0x00007fb6e4134be0 flushing  nmethod 0x00007fb6d4724c90
Event: 71198.022 Thread 0x00007fb6e4134be0 flushing  nmethod 0x00007fb6cc8cbc10
Event: 71198.022 Thread 0x00007fb6e4134be0 flushing  nmethod 0x00007fb6cdb0f490
Event: 71230.052 Thread 0x00007fb6e4134be0 flushing  nmethod 0x00007fb6d4e02210
Event: 71230.052 Thread 0x00007fb6e4134be0 flushing  nmethod 0x00007fb6cca51910
Event: 71230.052 Thread 0x00007fb6e4134be0 flushing  nmethod 0x00007fb6cd460b90
Event: 71230.052 Thread 0x00007fb6e4134be0 flushing  nmethod 0x00007fb6cdf5a310
Event: 71230.052 Thread 0x00007fb6e4134be0 flushing  nmethod 0x00007fb6ce361c90
Event: 71230.052 Thread 0x00007fb6e4134be0 flushing  nmethod 0x00007fb6ce56f390
Event: 71230.052 Thread 0x00007fb6e4134be0 flushing  nmethod 0x00007fb6ccf53210
Event: 71230.052 Thread 0x00007fb6e4134be0 flushing  nmethod 0x00007fb6cd921110
Event: 71230.052 Thread 0x00007fb6e4134be0 flushing  nmethod 0x00007fb6cdc28410
Event: 71417.730 Thread 0x00007fb6e4134be0 flushing  nmethod 0x00007fb6cd576f90
Event: 71417.730 Thread 0x00007fb6e4134be0 flushing  nmethod 0x00007fb6ce189d90
Event: 71417.730 Thread 0x00007fb6e4134be0 flushing  nmethod 0x00007fb6ce180b90

Events (20 events):
Event: 71101.742 Thread 0x00007fb55c021e60 Thread exited: 0x00007fb55c021e60
Event: 71104.057 Thread 0x00007fb6e414a6c0 Thread added: 0x00007fb63c1529d0
Event: 71109.209 Thread 0x00007fb63c1529d0 Thread exited: 0x00007fb63c1529d0
Event: 71154.631 Thread 0x00007fb5540121e0 Thread added: 0x00007fb5200729f0
Event: 71156.373 Thread 0x00007fb560011080 Thread added: 0x00007fb5485924c0
Event: 71219.292 Thread 0x00007fb5200729f0 Thread exited: 0x00007fb5200729f0
Event: 71223.610 Thread 0x00007fb5485924c0 Thread exited: 0x00007fb5485924c0
Event: 71276.522 Thread 0x00007fb55403c250 Thread added: 0x00007fb5f4002650
Event: 71278.223 Thread 0x00007fb6e4a51940 Thread added: 0x00007fb5f009aa80
Event: 71343.760 Thread 0x00007fb5f009aa80 Thread exited: 0x00007fb5f009aa80
Event: 71345.877 Thread 0x00007fb5f4002650 Thread exited: 0x00007fb5f4002650
Event: 71385.244 Thread 0x00007fb55c01daa0 Thread added: 0x00007fb56803d6f0
Event: 71398.781 Thread 0x00007fb58801d3f0 Thread added: 0x00007fb510028990
Event: 71400.225 Thread 0x00007fb560010970 Thread added: 0x00007fb53499e650
Event: 71462.785 Thread 0x00007fb6e4144820 Thread added: 0x00007fb64c009070
Event: 71462.785 Thread 0x00007fb64c009070 Thread added: 0x00007fb5300375d0
Event: 71462.785 Thread 0x00007fb64c009070 Thread added: 0x00007fb530010d20
Event: 71462.785 Thread 0x00007fb64c009070 Thread added: 0x00007fb5300116e0
Event: 71462.786 Thread 0x00007fb530010d20 Thread exited: 0x00007fb530010d20
Event: 71462.786 Thread 0x00007fb5d427b9d0 Thread exited: 0x00007fb5d427b9d0


Dynamic libraries:
414800000-41d800000 rw-p 00000000 00:00 0 
41d800000-421000000 ---p 00000000 00:00 0 
421000000-422000000 rw-p 00000000 00:00 0 
422000000-800000000 ---p 00000000 00:00 0 
55d814106000-55d814107000 r--p 00000000 103:04 52587596                  /usr/lib/jvm/java-21-openjdk-amd64/bin/java
55d814107000-55d814108000 r-xp 00001000 103:04 52587596                  /usr/lib/jvm/java-21-openjdk-amd64/bin/java
55d814108000-55d814109000 r--p 00002000 103:04 52587596                  /usr/lib/jvm/java-21-openjdk-amd64/bin/java
55d814109000-55d81410a000 r--p 00002000 103:04 52587596                  /usr/lib/jvm/java-21-openjdk-amd64/bin/java
55d81410a000-55d81410b000 rw-p 00003000 103:04 52587596                  /usr/lib/jvm/java-21-openjdk-amd64/bin/java
55d826662000-55d826e99000 rw-p 00000000 00:00 0                          [heap]
7fb4b0000000-7fb4b0270000 rw-p 00000000 00:00 0 
7fb4b0270000-7fb4b0300000 ---p 00000000 00:00 0 
7fb4b0300000-7fb4b0330000 rw-p 00000000 00:00 0 
7fb4b0330000-7fb4b4000000 ---p 00000000 00:00 0 
7fb4b4000000-7fb4b40e2000 rw-p 00000000 00:00 0 
7fb4b40e2000-7fb4b8000000 ---p 00000000 00:00 0 
7fb4bbe00000-7fb4bc000000 rw-s 147a7e000 00:06 491                       /dev/dri/renderD128
7fb4bc000000-7fb4bc7b8000 rw-p 00000000 00:00 0 
7fb4bc7b8000-7fb4c0000000 ---p 00000000 00:00 0 
7fb4c0000000-7fb4c020e000 rw-p 00000000 00:00 0 
7fb4c020e000-7fb4c4000000 ---p 00000000 00:00 0 
7fb4c4000000-7fb4c44b3000 rw-p 00000000 00:00 0 
7fb4c44b3000-7fb4c8000000 ---p 00000000 00:00 0 
7fb4c8000000-7fb4c86c2000 rw-p 00000000 00:00 0 
7fb4c86c2000-7fb4cc000000 ---p 00000000 00:00 0 
7fb4cc000000-7fb4cc021000 rw-p 00000000 00:00 0 
7fb4cc021000-7fb4d0000000 ---p 00000000 00:00 0 
7fb4d0000000-7fb4d0021000 rw-p 00000000 00:00 0 
7fb4d0021000-7fb4d4000000 ---p 00000000 00:00 0 
7fb4d4000000-7fb4d4021000 rw-p 00000000 00:00 0 
7fb4d4021000-7fb4d8000000 ---p 00000000 00:00 0 
7fb4d8000000-7fb4d80e3000 rw-p 00000000 00:00 0 
7fb4d80e3000-7fb4dc000000 ---p 00000000 00:00 0 
7fb4dc000000-7fb4dc021000 rw-p 00000000 00:00 0 
7fb4dc021000-7fb4e0000000 ---p 00000000 00:00 0 
7fb4e0000000-7fb4e0021000 rw-p 00000000 00:00 0 
7fb4e0021000-7fb4e4000000 ---p 00000000 00:00 0 
7fb4e4000000-7fb4e4021000 rw-p 00000000 00:00 0 
7fb4e4021000-7fb4e8000000 ---p 00000000 00:00 0 
7fb4e8000000-7fb4e8021000 rw-p 00000000 00:00 0 
7fb4e8021000-7fb4ec000000 ---p 00000000 00:00 0 
7fb4ec0f9000-7fb4ec0fa000 ---p 00000000 00:00 0 
7fb4ec0fa000-7fb4ec8fa000 rw-p 00000000 00:00 0 
7fb4ec8fa000-7fb4ecafa000 rw-s 177f5e000 00:06 491                       /dev/dri/renderD128
7fb4ecafa000-7fb4eccfa000 rw-s 165afa000 00:06 491                       /dev/dri/renderD128
7fb4eccfa000-7fb4eccfb000 ---p 00000000 00:00 0 
7fb4eccfb000-7fb4eccff000 ---p 00000000 00:00 0 
7fb4eccff000-7fb4ecdfb000 rw-p 00000000 00:00 0 
7fb4ecfa7000-7fb4ecffb000 r--p 00000000 103:04 52320111                  /usr/share/fonts/truetype/dejavu/DejaVuSansMono.ttf
7fb4ecffb000-7fb4ed1fb000 rw-s 139d79000 00:06 491                       /dev/dri/renderD128
7fb4ed1fb000-7fb4ed3fb000 rw-s 12fc29000 00:06 491                       /dev/dri/renderD128
7fb4ed3fb000-7fb4ed5fb000 rw-s 156164000 00:06 491                       /dev/dri/renderD128
7fb4ed5fb000-7fb4ed7fb000 rw-s 10b9b3000 00:06 491                       /dev/dri/renderD128
7fb4ed7fb000-7fb4ed7fc000 ---p 00000000 00:00 0 
7fb4ed7fc000-7fb4edffc000 rw-p 00000000 00:00 0 
7fb4edffc000-7fb4edffd000 ---p 00000000 00:00 0 
7fb4edffd000-7fb4ee7fd000 rw-p 00000000 00:00 0 
7fb4ee7fd000-7fb4ee7fe000 ---p 00000000 00:00 0 
7fb4ee7fe000-7fb4eeffe000 rw-p 00000000 00:00 0 
7fb4eeffe000-7fb4eefff000 ---p 00000000 00:00 0 
7fb4eefff000-7fb4ef7ff000 rw-p 00000000 00:00 0 
7fb4ef7ff000-7fb4ef800000 ---p 00000000 00:00 0 
7fb4ef800000-7fb4f0000000 rw-p 00000000 00:00 0 
7fb4f0000000-7fb4f01c8000 rw-p 00000000 00:00 0 
7fb4f01c8000-7fb4f4000000 ---p 00000000 00:00 0 
7fb4f4000000-7fb4f44ec000 rw-p 00000000 00:00 0 
7fb4f44ec000-7fb4f8000000 ---p 00000000 00:00 0 
7fb4f8000000-7fb4f8021000 rw-p 00000000 00:00 0 
7fb4f8021000-7fb4fc000000 ---p 00000000 00:00 0 
7fb4fc018000-7fb4fc095000 r--p 00000000 103:04 52451990                  /usr/share/fonts/truetype/noto/NotoSansMono-Regular.ttf
7fb4fc095000-7fb4fc0fb000 r--p 00000000 103:04 52320138                  /usr/share/fonts/truetype/liberation/LiberationSans-Bold.ttf
7fb4fc0fb000-7fb4fc0fc000 ---p 00000000 00:00 0 
7fb4fc0fc000-7fb4fc100000 ---p 00000000 00:00 0 
7fb4fc100000-7fb4fc1fc000 rw-p 00000000 00:00 0 
7fb4fc1fc000-7fb4fc3fc000 rw-s 1abe1d000 00:06 491                       /dev/dri/renderD128
7fb4fc3fc000-7fb4fc3fd000 ---p 00000000 00:00 0 
7fb4fc3fd000-7fb4fcbfd000 rw-p 00000000 00:00 0 
7fb4fcbfd000-7fb4fcdfd000 rw-s 192486000 00:06 491                       /dev/dri/renderD128
7fb4fcdfd000-7fb4fcdfe000 ---p 00000000 00:00 0 
7fb4fcdfe000-7fb4fd5fe000 rw-p 00000000 00:00 0 
7fb4fd5fe000-7fb4fd5ff000 ---p 00000000 00:00 0 
7fb4fd5ff000-7fb4fddff000 rw-p 00000000 00:00 0 
7fb4fddff000-7fb4fde00000 ---p 00000000 00:00 0 
7fb4fde00000-7fb4fe600000 rw-p 00000000 00:00 0 
7fb4fe600000-7fb4fe69c000 r--p 00000000 103:04 52337768                  /usr/lib/x86_64-linux-gnu/libz3.so.4
7fb4fe69c000-7fb4ffc86000 r-xp 0009c000 103:04 52337768                  /usr/lib/x86_64-linux-gnu/libz3.so.4
7fb4ffc86000-7fb500044000 r--p 01686000 103:04 52337768                  /usr/lib/x86_64-linux-gnu/libz3.so.4
7fb500044000-7fb500077000 r--p 01a43000 103:04 52337768                  /usr/lib/x86_64-linux-gnu/libz3.so.4
7fb500077000-7fb500078000 rw-p 01a76000 103:04 52337768                  /usr/lib/x86_64-linux-gnu/libz3.so.4
7fb500078000-7fb500079000 rw-p 00000000 00:00 0 
7fb500098000-7fb500146000 r--p 00000000 103:04 52320122                  /usr/share/fonts/truetype/dejavu/DejaVuSans-Bold.ttf
7fb500146000-7fb500200000 r--p 00000000 103:04 52320123                  /usr/share/fonts/truetype/dejavu/DejaVuSans.ttf
7fb500200000-7fb5077f9000 r-xp 00000000 103:04 52337769                  /usr/lib/x86_64-linux-gnu/libLLVM.so.19.1
7fb5077f9000-7fb507d63000 r--p 075f8000 103:04 52337769                  /usr/lib/x86_64-linux-gnu/libLLVM.so.19.1
7fb507d63000-7fb507dab000 rw-p 07b62000 103:04 52337769                  /usr/lib/x86_64-linux-gnu/libLLVM.so.19.1
7fb507dab000-7fb507e4a000 rw-p 00000000 00:00 0 
7fb507e77000-7fb507e78000 ---p 00000000 00:00 0 
7fb507e78000-7fb507e7c000 ---p 00000000 00:00 0 
7fb507e7c000-7fb507e9a000 rw-p 00000000 00:00 0 
7fb507e9a000-7fb507eff000 r--p 00000000 103:04 52320141                  /usr/share/fonts/truetype/liberation/LiberationSans-Regular.ttf
7fb507eff000-7fb507f00000 ---p 00000000 00:00 0 
7fb507f00000-7fb507f04000 ---p 00000000 00:00 0 
7fb507f04000-7fb508000000 rw-p 00000000 00:00 0 
7fb508000000-7fb5084b8000 rw-p 00000000 00:00 0 
7fb5084b8000-7fb50c000000 ---p 00000000 00:00 0 
7fb50c000000-7fb50c021000 rw-p 00000000 00:00 0 
7fb50c021000-7fb510000000 ---p 00000000 00:00 0 
7fb510000000-7fb5104bb000 rw-p 00000000 00:00 0 
7fb5104bb000-7fb514000000 ---p 00000000 00:00 0 
7fb514000000-7fb514608000 rw-p 00000000 00:00 0 
7fb514608000-7fb518000000 ---p 00000000 00:00 0 
7fb518000000-7fb5193fc000 rw-p 00000000 00:00 0 
7fb5193fc000-7fb51c000000 ---p 00000000 00:00 0 
7fb51c000000-7fb51c021000 rw-p 00000000 00:00 0 
7fb51c021000-7fb520000000 ---p 00000000 00:00 0 
7fb520000000-7fb5205b9000 rw-p 00000000 00:00 0 
7fb5205b9000-7fb524000000 ---p 00000000 00:00 0 
7fb524000000-7fb5244bc000 rw-p 00000000 00:00 0 
7fb5244bc000-7fb528000000 ---p 00000000 00:00 0 
7fb528022000-7fb52807d000 r--p 00000000 103:04 52320142                  /usr/share/fonts/truetype/liberation/LiberationSerif-Bold.ttf
7fb52807d000-7fb5280d5000 r--p 00000000 103:04 52320124                  /usr/share/fonts/truetype/dejavu/DejaVuSerif-Bold.ttf
7fb5280d5000-7fb5282d5000 rw-s 156364000 00:06 491                       /dev/dri/renderD128
7fb5282d5000-7fb528416000 rw-s 00000000 103:04 99090463                  /home/rhomancer/.cache/mesa_shader_cache_db/index
7fb528416000-7fb528417000 ---p 00000000 00:00 0 
7fb528417000-7fb528c17000 rw-p 00000000 00:00 0 
7fb528c17000-7fb528c1b000 r--p 00000000 103:04 52303076                  /usr/lib/x86_64-linux-gnu/liblzma.so.5.8.1
7fb528c1b000-7fb528c3a000 r-xp 00004000 103:04 52303076                  /usr/lib/x86_64-linux-gnu/liblzma.so.5.8.1
7fb528c3a000-7fb528c46000 r--p 00023000 103:04 52303076                  /usr/lib/x86_64-linux-gnu/liblzma.so.5.8.1
7fb528c46000-7fb528c47000 r--p 0002f000 103:04 52303076                  /usr/lib/x86_64-linux-gnu/liblzma.so.5.8.1
7fb528c47000-7fb528c48000 rw-p 00030000 103:04 52303076                  /usr/lib/x86_64-linux-gnu/liblzma.so.5.8.1
7fb528c48000-7fb528c77000 r--p 00000000 103:04 52303162                  /usr/lib/x86_64-linux-gnu/libxml2.so.2.9.14
7fb528c77000-7fb528d9e000 r-xp 0002f000 103:04 52303162                  /usr/lib/x86_64-linux-gnu/libxml2.so.2.9.14
7fb528d9e000-7fb528df5000 r--p 00156000 103:04 52303162                  /usr/lib/x86_64-linux-gnu/libxml2.so.2.9.14
7fb528df5000-7fb528dfe000 r--p 001ad000 103:04 52303162                  /usr/lib/x86_64-linux-gnu/libxml2.so.2.9.14
7fb528dfe000-7fb528dff000 rw-p 001b6000 103:04 52303162                  /usr/lib/x86_64-linux-gnu/libxml2.so.2.9.14
7fb528dff000-7fb528e00000 rw-p 00000000 00:00 0 
7fb528e00000-7fb528ee1000 r--p 00000000 103:04 52305952                  /usr/lib/x86_64-linux-gnu/libgallium-25.0.7-2+deb13u1.so
7fb528ee1000-7fb52a61c000 r-xp 000e1000 103:04 52305952                  /usr/lib/x86_64-linux-gnu/libgallium-25.0.7-2+deb13u1.so
7fb52a61c000-7fb52b56e000 r--p 0181c000 103:04 52305952                  /usr/lib/x86_64-linux-gnu/libgallium-25.0.7-2+deb13u1.so
7fb52b56e000-7fb52b67f000 r--p 0276e000 103:04 52305952                  /usr/lib/x86_64-linux-gnu/libgallium-25.0.7-2+deb13u1.so
7fb52b67f000-7fb52b698000 rw-p 0287f000 103:04 52305952                  /usr/lib/x86_64-linux-gnu/libgallium-25.0.7-2+deb13u1.so
7fb52b698000-7fb52b85a000 rw-p 00000000 00:00 0 
7fb52b865000-7fb52b866000 ---p 00000000 00:00 0 
7fb52b866000-7fb52b86a000 ---p 00000000 00:00 0 
7fb52b86a000-7fb52b888000 rw-p 00000000 00:00 0 
7fb52b888000-7fb52b897000 r--p 00000000 103:04 52297746                  /usr/lib/x86_64-linux-gnu/libtinfo.so.6.5
7fb52b897000-7fb52b8ab000 r-xp 0000f000 103:04 52297746                  /usr/lib/x86_64-linux-gnu/libtinfo.so.6.5
7fb52b8ab000-7fb52b8b9000 r--p 00023000 103:04 52297746                  /usr/lib/x86_64-linux-gnu/libtinfo.so.6.5
7fb52b8b9000-7fb52b8bd000 r--p 00031000 103:04 52297746                  /usr/lib/x86_64-linux-gnu/libtinfo.so.6.5
7fb52b8bd000-7fb52b8be000 rw-p 00035000 103:04 52297746                  /usr/lib/x86_64-linux-gnu/libtinfo.so.6.5
7fb52b8be000-7fb52b8c7000 r--p 00000000 103:04 52304435                  /usr/lib/x86_64-linux-gnu/libedit.so.2.0.75
7fb52b8c7000-7fb52b8e4000 r-xp 00009000 103:04 52304435                  /usr/lib/x86_64-linux-gnu/libedit.so.2.0.75
7fb52b8e4000-7fb52b8f2000 r--p 00026000 103:04 52304435                  /usr/lib/x86_64-linux-gnu/libedit.so.2.0.75
7fb52b8f2000-7fb52b8f4000 r--p 00033000 103:04 52304435                  /usr/lib/x86_64-linux-gnu/libedit.so.2.0.75
7fb52b8f4000-7fb52b8f5000 rw-p 00035000 103:04 52304435                  /usr/lib/x86_64-linux-gnu/libedit.so.2.0.75
7fb52b8f5000-7fb52b8f9000 rw-p 00000000 00:00 0 
7fb52b8f9000-7fb52b8fa000 ---p 00000000 00:00 0 
7fb52b8fa000-7fb52b8fe000 ---p 00000000 00:00 0 
7fb52b8fe000-7fb52b9fa000 rw-p 00000000 00:00 0 
7fb52b9fa000-7fb52b9fb000 ---p 00000000 00:00 0 
7fb52b9fb000-7fb52b9ff000 ---p 00000000 00:00 0 
7fb52b9ff000-7fb52bafb000 rw-p 00000000 00:00 0 
7fb52bafb000-7fb52bafc000 ---p 00000000 00:00 0 
7fb52bafc000-7fb52bb00000 ---p 00000000 00:00 0 
7fb52bb00000-7fb52bbfc000 rw-p 00000000 00:00 0 
7fb52bbfc000-7fb52bbfd000 ---p 00000000 00:00 0 
7fb52bbfd000-7fb52bc01000 ---p 00000000 00:00 0 
7fb52bc01000-7fb52bcfd000 rw-p 00000000 00:00 0 
7fb52bcfd000-7fb52bcfe000 ---p 00000000 00:00 0 
7fb52bcfe000-7fb52bd02000 ---p 00000000 00:00 0 
7fb52bd02000-7fb52bdfe000 rw-p 00000000 00:00 0 
7fb52bdfe000-7fb52bdff000 ---p 00000000 00:00 0 
7fb52bdff000-7fb52be03000 ---p 00000000 00:00 0 
7fb52be03000-7fb52beff000 rw-p 00000000 00:00 0 
7fb52beff000-7fb52bf00000 ---p 00000000 00:00 0 
7fb52bf00000-7fb52bf04000 ---p 00000000 00:00 0 
7fb52bf04000-7fb52c000000 rw-p 00000000 00:00 0 
7fb52c000000-7fb52c4b7000 rw-p 00000000 00:00 0 
7fb52c4b7000-7fb530000000 ---p 00000000 00:00 0 
7fb530000000-7fb530825000 rw-p 00000000 00:00 0 
7fb530825000-7fb534000000 ---p 00000000 00:00 0 
7fb534000000-7fb534f23000 rw-p 00000000 00:00 0 
7fb534f23000-7fb538000000 ---p 00000000 00:00 0 
7fb538000000-7fb5384b6000 rw-p 00000000 00:00 0 
7fb5384b6000-7fb53c000000 ---p 00000000 00:00 0 
7fb53c000000-7fb53ca86000 rw-p 00000000 00:00 0 
7fb53ca86000-7fb540000000 ---p 00000000 00:00 0 
7fb540000000-7fb540983000 rw-p 00000000 00:00 0 
7fb540983000-7fb544000000 ---p 00000000 00:00 0 
7fb544000000-7fb544edd000 rw-p 00000000 00:00 0 
7fb544edd000-7fb548000000 ---p 00000000 00:00 0 
7fb548000000-7fb549296000 rw-p 00000000 00:00 0 
7fb549296000-7fb54c000000 ---p 00000000 00:00 0 
7fb54c000000-7fb54ccbd000 rw-p 00000000 00:00 0 
7fb54ccbd000-7fb550000000 ---p 00000000 00:00 0 
7fb550000000-7fb550021000 rw-p 00000000 00:00 0 
7fb550021000-7fb554000000 ---p 00000000 00:00 0 
7fb554000000-7fb5544e1000 rw-p 00000000 00:00 0 
7fb5544e1000-7fb558000000 ---p 00000000 00:00 0 
7fb558000000-7fb559598000 rw-p 00000000 00:00 0 
7fb559598000-7fb55c000000 ---p 00000000 00:00 0 
7fb55c000000-7fb55c4c4000 rw-p 00000000 00:00 0 
7fb55c4c4000-7fb560000000 ---p 00000000 00:00 0 
7fb560000000-7fb5604c3000 rw-p 00000000 00:00 0 
7fb5604c3000-7fb564000000 ---p 00000000 00:00 0 
7fb564000000-7fb5644f2000 rw-p 00000000 00:00 0 
7fb5644f2000-7fb568000000 ---p 00000000 00:00 0 
7fb568000000-7fb568534000 rw-p 00000000 00:00 0 
7fb568534000-7fb56c000000 ---p 00000000 00:00 0 
7fb56c000000-7fb56c4cd000 rw-p 00000000 00:00 0 
7fb56c4cd000-7fb570000000 ---p 00000000 00:00 0 
7fb570000000-7fb5704b7000 rw-p 00000000 00:00 0 
7fb5704b7000-7fb574000000 ---p 00000000 00:00 0 
7fb574000000-7fb574a6b000 rw-p 00000000 00:00 0 
7fb574a6b000-7fb578000000 ---p 00000000 00:00 0 
7fb578000000-7fb5784d8000 rw-p 00000000 00:00 0 
7fb5784d8000-7fb57c000000 ---p 00000000 00:00 0 
7fb57c000000-7fb57c4d1000 rw-p 00000000 00:00 0 
7fb57c4d1000-7fb580000000 ---p 00000000 00:00 0 
7fb580000000-7fb580413000 rw-p 00000000 00:00 0 
7fb580413000-7fb584000000 ---p 00000000 00:00 0 
7fb584000000-7fb586047000 rw-p 00000000 00:00 0 
7fb586047000-7fb588000000 ---p 00000000 00:00 0 
7fb588000000-7fb5884d2000 rw-p 00000000 00:00 0 
7fb5884d2000-7fb58c000000 ---p 00000000 00:00 0 
7fb58c000000-7fb58c4c2000 rw-p 00000000 00:00 0 
7fb58c4c2000-7fb590000000 ---p 00000000 00:00 0 
7fb590000000-7fb590511000 rw-p 00000000 00:00 0 
7fb590511000-7fb594000000 ---p 00000000 00:00 0 
7fb594000000-7fb594021000 rw-p 00000000 00:00 0 
7fb594021000-7fb598000000 ---p 00000000 00:00 0 
7fb598000000-7fb598d86000 rw-p 00000000 00:00 0 
7fb598d86000-7fb59c000000 ---p 00000000 00:00 0 
7fb59c000000-7fb59c04d000 rw-p 00000000 00:00 0 
7fb59c04d000-7fb5a0000000 ---p 00000000 00:00 0 
7fb5a0000000-7fb5a0021000 rw-p 00000000 00:00 0 
7fb5a0021000-7fb5a4000000 ---p 00000000 00:00 0 
7fb5a4000000-7fb5a4052000 rw-p 00000000 00:00 0 
7fb5a4052000-7fb5a8000000 ---p 00000000 00:00 0 
7fb5a8000000-7fb5a805b000 rw-p 00000000 00:00 0 
7fb5a805b000-7fb5ac000000 ---p 00000000 00:00 0 
7fb5ac000000-7fb5ac049000 rw-p 00000000 00:00 0 
7fb5ac049000-7fb5b0000000 ---p 00000000 00:00 0 
7fb5b0000000-7fb5b0049000 rw-p 00000000 00:00 0 
7fb5b0049000-7fb5b4000000 ---p 00000000 00:00 0 
7fb5b4000000-7fb5b4040000 rw-p 00000000 00:00 0 
7fb5b4040000-7fb5b8000000 ---p 00000000 00:00 0 
7fb5b8000000-7fb5b805d000 rw-p 00000000 00:00 0 
7fb5b805d000-7fb5bc000000 ---p 00000000 00:00 0 
7fb5bc000000-7fb5bc047000 rw-p 00000000 00:00 0 
7fb5bc047000-7fb5c0000000 ---p 00000000 00:00 0 
7fb5c0000000-7fb5c005e000 rw-p 00000000 00:00 0 
7fb5c005e000-7fb5c4000000 ---p 00000000 00:00 0 
7fb5c4000000-7fb5c4059000 rw-p 00000000 00:00 0 
7fb5c4059000-7fb5c8000000 ---p 00000000 00:00 0 
7fb5c8000000-7fb5c8043000 rw-p 00000000 00:00 0 
7fb5c8043000-7fb5cc000000 ---p 00000000 00:00 0 
7fb5cc000000-7fb5cc138000 rw-p 00000000 00:00 0 
7fb5cc138000-7fb5d0000000 ---p 00000000 00:00 0 
7fb5d0000000-7fb5d005b000 rw-p 00000000 00:00 0 
7fb5d005b000-7fb5d4000000 ---p 00000000 00:00 0 
7fb5d4000000-7fb5d73ce000 rw-p 00000000 00:00 0 
7fb5d73ce000-7fb5d8000000 ---p 00000000 00:00 0 
7fb5d8000000-7fb5d82ab000 rw-p 00000000 00:00 0 
7fb5d82ab000-7fb5dc000000 ---p 00000000 00:00 0 
7fb5dc000000-7fb5dc021000 rw-p 00000000 00:00 0 
7fb5dc021000-7fb5e0000000 ---p 00000000 00:00 0 
7fb5e0000000-7fb5e0021000 rw-p 00000000 00:00 0 
7fb5e0021000-7fb5e4000000 ---p 00000000 00:00 0 
7fb5e4000000-7fb5e44e1000 rw-p 00000000 00:00 0 
7fb5e44e1000-7fb5e8000000 ---p 00000000 00:00 0 
7fb5e8000000-7fb5e8021000 rw-p 00000000 00:00 0 
7fb5e8021000-7fb5ec000000 ---p 00000000 00:00 0 
7fb5ec000000-7fb5ec5bd000 rw-p 00000000 00:00 0 
7fb5ec5bd000-7fb5f0000000 ---p 00000000 00:00 0 
7fb5f0000000-7fb5f0500000 rw-p 00000000 00:00 0 
7fb5f0500000-7fb5f4000000 ---p 00000000 00:00 0 
7fb5f4000000-7fb5f459b000 rw-p 00000000 00:00 0 
7fb5f459b000-7fb5f8000000 ---p 00000000 00:00 0 
7fb5f8000000-7fb5f91c9000 rw-p 00000000 00:00 0 
7fb5f91c9000-7fb5fc000000 ---p 00000000 00:00 0 
7fb5fc000000-7fb5fcbbb000 rw-p 00000000 00:00 0 
7fb5fcbbb000-7fb600000000 ---p 00000000 00:00 0 
7fb600000000-7fb600021000 rw-p 00000000 00:00 0 
7fb600021000-7fb604000000 ---p 00000000 00:00 0 
7fb604018000-7fb60401a000 r--p 00000000 103:04 52299045                  /usr/lib/x86_64-linux-gnu/libmd.so.0.1.0
7fb60401a000-7fb604023000 r-xp 00002000 103:04 52299045                  /usr/lib/x86_64-linux-gnu/libmd.so.0.1.0
7fb604023000-7fb604025000 r--p 0000b000 103:04 52299045                  /usr/lib/x86_64-linux-gnu/libmd.so.0.1.0
7fb604025000-7fb604026000 r--p 0000d000 103:04 52299045                  /usr/lib/x86_64-linux-gnu/libmd.so.0.1.0
7fb604026000-7fb604027000 rw-p 0000e000 103:04 52299045                  /usr/lib/x86_64-linux-gnu/libmd.so.0.1.0
7fb604027000-7fb60402c000 r--p 00000000 103:04 52300001                  /usr/lib/x86_64-linux-gnu/libzstd.so.1.5.7
7fb60402c000-7fb6040db000 r-xp 00005000 103:04 52300001                  /usr/lib/x86_64-linux-gnu/libzstd.so.1.5.7
7fb6040db000-7fb6040ef000 r--p 000b4000 103:04 52300001                  /usr/lib/x86_64-linux-gnu/libzstd.so.1.5.7
7fb6040ef000-7fb6040f0000 r--p 000c8000 103:04 52300001                  /usr/lib/x86_64-linux-gnu/libzstd.so.1.5.7
7fb6040f0000-7fb6040f1000 rw-p 000c9000 103:04 52300001                  /usr/lib/x86_64-linux-gnu/libzstd.so.1.5.7
7fb6040f1000-7fb6040f2000 ---p 00000000 00:00 0 
7fb6040f2000-7fb6040f6000 ---p 00000000 00:00 0 
7fb6040f6000-7fb6041f2000 rw-p 00000000 00:00 0 
7fb6041f2000-7fb6041f3000 ---p 00000000 00:00 0 
7fb6041f3000-7fb6041f7000 ---p 00000000 00:00 0 
7fb6041f7000-7fb6042f3000 rw-p 00000000 00:00 0 
7fb6042f3000-7fb6042f4000 ---p 00000000 00:00 0 
7fb6042f4000-7fb6042f8000 ---p 00000000 00:00 0 
7fb6042f8000-7fb6043f4000 rw-p 00000000 00:00 0 
7fb6043f4000-7fb6043f5000 ---p 00000000 00:00 0 
7fb6043f5000-7fb6043f9000 ---p 00000000 00:00 0 
7fb6043f9000-7fb6044f5000 rw-p 00000000 00:00 0 
7fb6044f5000-7fb6044f6000 ---p 00000000 00:00 0 
7fb6044f6000-7fb6044fa000 ---p 00000000 00:00 0 
7fb6044fa000-7fb6045f6000 rw-p 00000000 00:00 0 
7fb6045f6000-7fb6045f7000 ---p 00000000 00:00 0 
7fb6045f7000-7fb6045fb000 ---p 00000000 00:00 0 
7fb6045fb000-7fb6046f7000 rw-p 00000000 00:00 0 
7fb6046f7000-7fb6046f8000 ---p 00000000 00:00 0 
7fb6046f8000-7fb6046fc000 ---p 00000000 00:00 0 
7fb6046fc000-7fb6047f8000 rw-p 00000000 00:00 0 
7fb6047f8000-7fb6047f9000 ---p 00000000 00:00 0 
7fb6047f9000-7fb6047fd000 ---p 00000000 00:00 0 
7fb6047fd000-7fb6048f9000 rw-p 00000000 00:00 0 
7fb6048f9000-7fb6048fa000 ---p 00000000 00:00 0 
7fb6048fa000-7fb6048fe000 ---p 00000000 00:00 0 
7fb6048fe000-7fb6049fa000 rw-p 00000000 00:00 0 
7fb6049fa000-7fb6049fb000 ---p 00000000 00:00 0 
7fb6049fb000-7fb6049ff000 ---p 00000000 00:00 0 
7fb6049ff000-7fb604afb000 rw-p 00000000 00:00 0 
7fb604afb000-7fb604afc000 ---p 00000000 00:00 0 
7fb604afc000-7fb604b00000 ---p 00000000 00:00 0 
7fb604b00000-7fb604bfc000 rw-p 00000000 00:00 0 
7fb604bfc000-7fb604bfd000 ---p 00000000 00:00 0 
7fb604bfd000-7fb604c01000 ---p 00000000 00:00 0 
7fb604c01000-7fb604cfd000 rw-p 00000000 00:00 0 
7fb604cfd000-7fb604cfe000 ---p 00000000 00:00 0 
7fb604cfe000-7fb604d02000 ---p 00000000 00:00 0 
7fb604d02000-7fb604dfe000 rw-p 00000000 00:00 0 
7fb604dfe000-7fb604dff000 ---p 00000000 00:00 0 
7fb604dff000-7fb604e03000 ---p 00000000 00:00 0 
7fb604e03000-7fb604eff000 rw-p 00000000 00:00 0 
7fb604eff000-7fb604f00000 ---p 00000000 00:00 0 
7fb604f00000-7fb604f04000 ---p 00000000 00:00 0 
7fb604f04000-7fb605000000 rw-p 00000000 00:00 0 
7fb605002000-7fb605006000 r--p 00000000 103:04 52299613                  /usr/lib/x86_64-linux-gnu/libbsd.so.0.12.2
7fb605006000-7fb605012000 r-xp 00004000 103:04 52299613                  /usr/lib/x86_64-linux-gnu/libbsd.so.0.12.2
7fb605012000-7fb605015000 r--p 00010000 103:04 52299613                  /usr/lib/x86_64-linux-gnu/libbsd.so.0.12.2
7fb605015000-7fb605016000 r--p 00013000 103:04 52299613                  /usr/lib/x86_64-linux-gnu/libbsd.so.0.12.2
7fb605016000-7fb605017000 rw-p 00014000 103:04 52299613                  /usr/lib/x86_64-linux-gnu/libbsd.so.0.12.2
7fb605017000-7fb605018000 rw-p 00000000 00:00 0 
7fb605018000-7fb60501b000 r--p 00000000 103:04 52337764                  /usr/lib/x86_64-linux-gnu/libpciaccess.so.0.11.1
7fb60501b000-7fb605020000 r-xp 00003000 103:04 52337764                  /usr/lib/x86_64-linux-gnu/libpciaccess.so.0.11.1
7fb605020000-7fb605022000 r--p 00008000 103:04 52337764                  /usr/lib/x86_64-linux-gnu/libpciaccess.so.0.11.1
7fb605022000-7fb605023000 r--p 00009000 103:04 52337764                  /usr/lib/x86_64-linux-gnu/libpciaccess.so.0.11.1
7fb605023000-7fb605024000 rw-p 0000a000 103:04 52337764                  /usr/lib/x86_64-linux-gnu/libpciaccess.so.0.11.1
7fb605024000-7fb605027000 r--p 00000000 103:04 52337766                  /usr/lib/x86_64-linux-gnu/libdrm_intel.so.1.124.0
7fb605027000-7fb60503d000 r-xp 00003000 103:04 52337766                  /usr/lib/x86_64-linux-gnu/libdrm_intel.so.1.124.0
7fb60503d000-7fb605047000 r--p 00019000 103:04 52337766                  /usr/lib/x86_64-linux-gnu/libdrm_intel.so.1.124.0
7fb605047000-7fb605048000 r--p 00023000 103:04 52337766                  /usr/lib/x86_64-linux-gnu/libdrm_intel.so.1.124.0
7fb605048000-7fb605049000 rw-p 00024000 103:04 52337766                  /usr/lib/x86_64-linux-gnu/libdrm_intel.so.1.124.0
7fb605049000-7fb60504c000 r--p 00000000 103:04 52337762                  /usr/lib/x86_64-linux-gnu/libdrm_amdgpu.so.1.124.0
7fb60504c000-7fb605052000 r-xp 00003000 103:04 52337762                  /usr/lib/x86_64-linux-gnu/libdrm_amdgpu.so.1.124.0
7fb605052000-7fb605054000 r--p 00009000 103:04 52337762                  /usr/lib/x86_64-linux-gnu/libdrm_amdgpu.so.1.124.0
7fb605054000-7fb605055000 r--p 0000a000 103:04 52337762                  /usr/lib/x86_64-linux-gnu/libdrm_amdgpu.so.1.124.0
7fb605055000-7fb605056000 rw-p 0000b000 103:04 52337762                  /usr/lib/x86_64-linux-gnu/libdrm_amdgpu.so.1.124.0
7fb605056000-7fb605059000 r--p 00000000 103:04 52304100                  /usr/lib/x86_64-linux-gnu/libelf-0.192.so
7fb605059000-7fb60506d000 r-xp 00003000 103:04 52304100                  /usr/lib/x86_64-linux-gnu/libelf-0.192.so
7fb60506d000-7fb605072000 r--p 00017000 103:04 52304100                  /usr/lib/x86_64-linux-gnu/libelf-0.192.so
7fb605072000-7fb605073000 r--p 0001b000 103:04 52304100                  /usr/lib/x86_64-linux-gnu/libelf-0.192.so
7fb605073000-7fb605074000 rw-p 0001c000 103:04 52304100                  /usr/lib/x86_64-linux-gnu/libelf-0.192.so
7fb605074000-7fb605075000 r--p 00000000 103:04 52337776                  /usr/lib/x86_64-linux-gnu/libxshmfence.so.1.0.0
7fb605075000-7fb605076000 r-xp 00001000 103:04 52337776                  /usr/lib/x86_64-linux-gnu/libxshmfence.so.1.0.0
7fb605076000-7fb605077000 r--p 00002000 103:04 52337776                  /usr/lib/x86_64-linux-gnu/libxshmfence.so.1.0.0
7fb605077000-7fb605078000 r--p 00002000 103:04 52337776                  /usr/lib/x86_64-linux-gnu/libxshmfence.so.1.0.0
7fb605078000-7fb605079000 rw-p 00003000 103:04 52337776                  /usr/lib/x86_64-linux-gnu/libxshmfence.so.1.0.0
7fb605079000-7fb605080000 r--p 00000000 103:04 52337772                  /usr/lib/x86_64-linux-gnu/libxcb-randr.so.0.1.0
7fb605080000-7fb605086000 r-xp 00007000 103:04 52337772                  /usr/lib/x86_64-linux-gnu/libxcb-randr.so.0.1.0
7fb605086000-7fb605089000 r--p 0000d000 103:04 52337772                  /usr/lib/x86_64-linux-gnu/libxcb-randr.so.0.1.0
7fb605089000-7fb60508a000 r--p 00010000 103:04 52337772                  /usr/lib/x86_64-linux-gnu/libxcb-randr.so.0.1.0
7fb60508a000-7fb60508b000 rw-p 00011000 103:04 52337772                  /usr/lib/x86_64-linux-gnu/libxcb-randr.so.0.1.0
7fb60508b000-7fb6050a6000 r--p 00000000 103:04 52303905                  /usr/lib/x86_64-linux-gnu/libGLX_mesa.so.0.0.0
7fb6050a6000-7fb6050de000 r-xp 0001b000 103:04 52303905                  /usr/lib/x86_64-linux-gnu/libGLX_mesa.so.0.0.0
7fb6050de000-7fb6050f2000 r--p 00053000 103:04 52303905                  /usr/lib/x86_64-linux-gnu/libGLX_mesa.so.0.0.0
7fb6050f2000-7fb6050f7000 r--p 00067000 103:04 52303905                  /usr/lib/x86_64-linux-gnu/libGLX_mesa.so.0.0.0
7fb6050f7000-7fb6050f8000 rw-p 0006c000 103:04 52303905                  /usr/lib/x86_64-linux-gnu/libGLX_mesa.so.0.0.0
7fb6050f8000-7fb6050f9000 rw-p 00000000 00:00 0 
7fb6050f9000-7fb6050fa000 ---p 00000000 00:00 0 
7fb6050fa000-7fb6050fe000 ---p 00000000 00:00 0 
7fb6050fe000-7fb6051fa000 rw-p 00000000 00:00 0 
7fb6051fa000-7fb6051fb000 ---p 00000000 00:00 0 
7fb6051fb000-7fb6051ff000 ---p 00000000 00:00 0 
7fb6051ff000-7fb6052fb000 rw-p 00000000 00:00 0 
7fb6052fb000-7fb6052fc000 ---p 00000000 00:00 0 
7fb6052fc000-7fb605300000 ---p 00000000 00:00 0 
7fb605300000-7fb6053fc000 rw-p 00000000 00:00 0 
7fb6053fc000-7fb6053fd000 ---p 00000000 00:00 0 
7fb6053fd000-7fb605401000 ---p 00000000 00:00 0 
7fb605401000-7fb6054fd000 rw-p 00000000 00:00 0 
7fb6054fd000-7fb6054fe000 ---p 00000000 00:00 0 
7fb6054fe000-7fb605502000 ---p 00000000 00:00 0 
7fb605502000-7fb6055fe000 rw-p 00000000 00:00 0 
7fb6055fe000-7fb6055ff000 ---p 00000000 00:00 0 
7fb6055ff000-7fb605603000 ---p 00000000 00:00 0 
7fb605603000-7fb6056ff000 rw-p 00000000 00:00 0 
7fb6056ff000-7fb605700000 ---p 00000000 00:00 0 
7fb605700000-7fb605704000 ---p 00000000 00:00 0 
7fb605704000-7fb605800000 rw-p 00000000 00:00 0 
7fb605800000-7fb6058f8000 r-xp 00000000 00:25 1946235                    /tmp/sqlite-3.45.2.0-b70fa59b-1bec-4904-b697-576556cf0ca8-libsqlitejdbc.so
7fb6058f8000-7fb605af8000 ---p 000f8000 00:25 1946235                    /tmp/sqlite-3.45.2.0-b70fa59b-1bec-4904-b697-576556cf0ca8-libsqlitejdbc.so
7fb605af8000-7fb605b00000 rw-p 000f8000 00:25 1946235                    /tmp/sqlite-3.45.2.0-b70fa59b-1bec-4904-b697-576556cf0ca8-libsqlitejdbc.so
7fb605b01000-7fb605b04000 r--p 00000000 103:04 52337774                  /usr/lib/x86_64-linux-gnu/libxcb-sync.so.1.0.0
7fb605b04000-7fb605b07000 r-xp 00003000 103:04 52337774                  /usr/lib/x86_64-linux-gnu/libxcb-sync.so.1.0.0
7fb605b07000-7fb605b08000 r--p 00006000 103:04 52337774                  /usr/lib/x86_64-linux-gnu/libxcb-sync.so.1.0.0
7fb605b08000-7fb605b09000 r--p 00007000 103:04 52337774                  /usr/lib/x86_64-linux-gnu/libxcb-sync.so.1.0.0
7fb605b09000-7fb605b0a000 rw-p 00008000 103:04 52337774                  /usr/lib/x86_64-linux-gnu/libxcb-sync.so.1.0.0
7fb605b0a000-7fb605b0d000 r--p 00000000 103:04 52330896                  /usr/lib/x86_64-linux-gnu/libsensors.so.5.0.0
7fb605b0d000-7fb605b15000 r-xp 00003000 103:04 52330896                  /usr/lib/x86_64-linux-gnu/libsensors.so.5.0.0
7fb605b15000-7fb605b1a000 r--p 0000b000 103:04 52330896                  /usr/lib/x86_64-linux-gnu/libsensors.so.5.0.0
7fb605b1a000-7fb605b1b000 r--p 00010000 103:04 52330896                  /usr/lib/x86_64-linux-gnu/libsensors.so.5.0.0
7fb605b1b000-7fb605b1c000 rw-p 00011000 103:04 52330896                  /usr/lib/x86_64-linux-gnu/libsensors.so.5.0.0
7fb605b1c000-7fb605b1f000 r--p 00000000 103:04 52337758                  /usr/lib/x86_64-linux-gnu/libxcb-xfixes.so.0.0.0
7fb605b1f000-7fb605b22000 r-xp 00003000 103:04 52337758                  /usr/lib/x86_64-linux-gnu/libxcb-xfixes.so.0.0.0
7fb605b22000-7fb605b23000 r--p 00006000 103:04 52337758                  /usr/lib/x86_64-linux-gnu/libxcb-xfixes.so.0.0.0
7fb605b23000-7fb605b24000 r--p 00007000 103:04 52337758                  /usr/lib/x86_64-linux-gnu/libxcb-xfixes.so.0.0.0
7fb605b24000-7fb605b25000 rw-p 00008000 103:04 52337758                  /usr/lib/x86_64-linux-gnu/libxcb-xfixes.so.0.0.0
7fb605b25000-7fb605b26000 r--p 00000000 103:04 52337756                  /usr/lib/x86_64-linux-gnu/libxcb-present.so.0.0.0
7fb605b26000-7fb605b27000 r-xp 00001000 103:04 52337756                  /usr/lib/x86_64-linux-gnu/libxcb-present.so.0.0.0
7fb605b27000-7fb605b28000 r--p 00002000 103:04 52337756                  /usr/lib/x86_64-linux-gnu/libxcb-present.so.0.0.0
7fb605b28000-7fb605b29000 r--p 00002000 103:04 52337756                  /usr/lib/x86_64-linux-gnu/libxcb-present.so.0.0.0
7fb605b29000-7fb605b2a000 rw-p 00003000 103:04 52337756                  /usr/lib/x86_64-linux-gnu/libxcb-present.so.0.0.0
7fb605b2a000-7fb605b35000 r--p 00000000 103:04 52337754                  /usr/lib/x86_64-linux-gnu/libxcb-glx.so.0.0.0
7fb605b35000-7fb605b3f000 r-xp 0000b000 103:04 52337754                  /usr/lib/x86_64-linux-gnu/libxcb-glx.so.0.0.0
7fb605b3f000-7fb605b44000 r--p 00015000 103:04 52337754                  /usr/lib/x86_64-linux-gnu/libxcb-glx.so.0.0.0
7fb605b44000-7fb605b46000 r--p 0001a000 103:04 52337754                  /usr/lib/x86_64-linux-gnu/libxcb-glx.so.0.0.0
7fb605b46000-7fb605b47000 rw-p 0001c000 103:04 52337754                  /usr/lib/x86_64-linux-gnu/libxcb-glx.so.0.0.0
7fb605b47000-7fb605b4c000 r--p 00000000 103:04 52327438                  /usr/lib/x86_64-linux-gnu/libdrm.so.2.124.0
7fb605b4c000-7fb605b58000 r-xp 00005000 103:04 52327438                  /usr/lib/x86_64-linux-gnu/libdrm.so.2.124.0
7fb605b58000-7fb605b5c000 r--p 00011000 103:04 52327438                  /usr/lib/x86_64-linux-gnu/libdrm.so.2.124.0
7fb605b5c000-7fb605b5d000 r--p 00015000 103:04 52327438                  /usr/lib/x86_64-linux-gnu/libdrm.so.2.124.0
7fb605b5d000-7fb605b5e000 rw-p 00016000 103:04 52327438                  /usr/lib/x86_64-linux-gnu/libdrm.so.2.124.0
7fb605b5e000-7fb605b5f000 ---p 00000000 00:00 0 
7fb605b5f000-7fb605b63000 ---p 00000000 00:00 0 
7fb605b63000-7fb605b81000 rw-p 00000000 00:00 0 
7fb605b81000-7fb605b82000 ---p 00000000 00:00 0 
7fb605b82000-7fb605b86000 ---p 00000000 00:00 0 
7fb605b86000-7fb605ba4000 rw-p 00000000 00:00 0 
7fb605ba4000-7fb605ba5000 ---p 00000000 00:00 0 
7fb605ba5000-7fb605ba9000 ---p 00000000 00:00 0 
7fb605ba9000-7fb605bc7000 rw-p 00000000 00:00 0 
7fb605bc7000-7fb605bc8000 ---p 00000000 00:00 0 
7fb605bc8000-7fb605bcc000 ---p 00000000 00:00 0 
7fb605bcc000-7fb605bea000 rw-p 00000000 00:00 0 
7fb605bea000-7fb605beb000 ---p 00000000 00:00 0 
7fb605beb000-7fb605bef000 ---p 00000000 00:00 0 
7fb605bef000-7fb605ceb000 rw-p 00000000 00:00 0 
7fb605ceb000-7fb605cec000 ---p 00000000 00:00 0 
7fb605cec000-7fb605dec000 rw-p 00000000 00:00 0 
7fb605dec000-7fb605ded000 ---p 00000000 00:00 0 
7fb605ded000-7fb605eed000 rw-p 00000000 00:00 0 
7fb605eed000-7fb605eee000 ---p 00000000 00:00 0 
7fb605eee000-7fb605fee000 rw-p 00000000 00:00 0 
7fb605fee000-7fb605fef000 ---p 00000000 00:00 0 
7fb605fef000-7fb6060ef000 rw-p 00000000 00:00 0 
7fb6060ef000-7fb6060f0000 ---p 00000000 00:00 0 
7fb6060f0000-7fb6061f0000 rw-p 00000000 00:00 0 
7fb6061f0000-7fb6061f1000 ---p 00000000 00:00 0 
7fb6061f1000-7fb6062f1000 rw-p 00000000 00:00 0 
7fb6062f1000-7fb6062f2000 ---p 00000000 00:00 0 
7fb6062f2000-7fb6063f2000 rw-p 00000000 00:00 0 
7fb6063f2000-7fb6063f3000 ---p 00000000 00:00 0 
7fb6063f3000-7fb6064f3000 rw-p 00000000 00:00 0 
7fb6064f3000-7fb6064f4000 ---p 00000000 00:00 0 
7fb6064f4000-7fb6065f4000 rw-p 00000000 00:00 0 
7fb6065f4000-7fb6065f5000 ---p 00000000 00:00 0 
7fb6065f5000-7fb6066f5000 rw-p 00000000 00:00 0 
7fb6066f5000-7fb6066f6000 ---p 00000000 00:00 0 
7fb6066f6000-7fb6067f6000 rw-p 00000000 00:00 0 
7fb6067f6000-7fb6067f7000 ---p 00000000 00:00 0 
7fb6067f7000-7fb6068f7000 rw-p 00000000 00:00 0 
7fb6068f7000-7fb6068f8000 ---p 00000000 00:00 0 
7fb6068f8000-7fb6069f8000 rw-p 00000000 00:00 0 
7fb6069f8000-7fb6069f9000 ---p 00000000 00:00 0 
7fb6069f9000-7fb606af9000 rw-p 00000000 00:00 0 
7fb606af9000-7fb606afa000 ---p 00000000 00:00 0 
7fb606afa000-7fb606afe000 ---p 00000000 00:00 0 
7fb606afe000-7fb606bfa000 rw-p 00000000 00:00 0 
7fb606bfa000-7fb606bfb000 ---p 00000000 00:00 0 
7fb606bfb000-7fb606bff000 ---p 00000000 00:00 0 
7fb606bff000-7fb606cfb000 rw-p 00000000 00:00 0 
7fb606cfb000-7fb606cfc000 ---p 00000000 00:00 0 
7fb606cfc000-7fb606d00000 ---p 00000000 00:00 0 
7fb606d00000-7fb606dfc000 rw-p 00000000 00:00 0 
7fb606dfc000-7fb606dfd000 ---p 00000000 00:00 0 
7fb606dfd000-7fb606e01000 ---p 00000000 00:00 0 
7fb606e01000-7fb606efd000 rw-p 00000000 00:00 0 
7fb606efd000-7fb606efe000 ---p 00000000 00:00 0 
7fb606efe000-7fb606f02000 ---p 00000000 00:00 0 
7fb606f02000-7fb606ffe000 rw-p 00000000 00:00 0 
7fb606ffe000-7fb606fff000 ---p 00000000 00:00 0 
7fb606fff000-7fb6077ff000 rw-p 00000000 00:00 0 
7fb6077ff000-7fb607800000 ---p 00000000 00:00 0 
7fb607800000-7fb608000000 rw-p 00000000 00:00 0 
7fb608000000-7fb608021000 rw-p 00000000 00:00 0 
7fb608021000-7fb60c000000 ---p 00000000 00:00 0 
7fb60c000000-7fb60c021000 rw-p 00000000 00:00 0 
7fb60c021000-7fb610000000 ---p 00000000 00:00 0 
7fb610000000-7fb610021000 rw-p 00000000 00:00 0 
7fb610021000-7fb614000000 ---p 00000000 00:00 0 
7fb614001000-7fb614003000 r--p 00000000 103:04 52337752                  /usr/lib/x86_64-linux-gnu/libxcb-dri3.so.0.1.0
7fb614003000-7fb614005000 r-xp 00002000 103:04 52337752                  /usr/lib/x86_64-linux-gnu/libxcb-dri3.so.0.1.0
7fb614005000-7fb614006000 r--p 00004000 103:04 52337752                  /usr/lib/x86_64-linux-gnu/libxcb-dri3.so.0.1.0
7fb614006000-7fb614007000 r--p 00004000 103:04 52337752                  /usr/lib/x86_64-linux-gnu/libxcb-dri3.so.0.1.0
7fb614007000-7fb614008000 rw-p 00005000 103:04 52337752                  /usr/lib/x86_64-linux-gnu/libxcb-dri3.so.0.1.0
7fb614022000-7fb61402a000 r--p 00000000 103:04 52302034                  /usr/lib/x86_64-linux-gnu/libnss_mymachines.so.2
7fb61402a000-7fb614064000 r-xp 00008000 103:04 52302034                  /usr/lib/x86_64-linux-gnu/libnss_mymachines.so.2
7fb614064000-7fb614077000 r--p 00042000 103:04 52302034                  /usr/lib/x86_64-linux-gnu/libnss_mymachines.so.2
7fb614077000-7fb61407a000 r--p 00055000 103:04 52302034                  /usr/lib/x86_64-linux-gnu/libnss_mymachines.so.2
7fb61407a000-7fb61407b000 rw-p 00058000 103:04 52302034                  /usr/lib/x86_64-linux-gnu/libnss_mymachines.so.2
7fb61407b000-7fb61407c000 rw-p 00000000 00:00 0 
7fb61407c000-7fb614082000 r--p 00000000 103:04 52323608                  /usr/lib/x86_64-linux-gnu/libnss_myhostname.so.2
7fb614082000-7fb614095000 r-xp 00006000 103:04 52323608                  /usr/lib/x86_64-linux-gnu/libnss_myhostname.so.2
7fb614095000-7fb6140a2000 r--p 00019000 103:04 52323608                  /usr/lib/x86_64-linux-gnu/libnss_myhostname.so.2
7fb6140a2000-7fb6140a7000 r--p 00025000 103:04 52323608                  /usr/lib/x86_64-linux-gnu/libnss_myhostname.so.2
7fb6140a7000-7fb6140a8000 rw-p 0002a000 103:04 52323608                  /usr/lib/x86_64-linux-gnu/libnss_myhostname.so.2
7fb6140a8000-7fb6140a9000 r--p 00000000 103:04 52337760                  /usr/lib/x86_64-linux-gnu/libXxf86vm.so.1.0.0
7fb6140a9000-7fb6140ac000 r-xp 00001000 103:04 52337760                  /usr/lib/x86_64-linux-gnu/libXxf86vm.so.1.0.0
7fb6140ac000-7fb6140ad000 r--p 00004000 103:04 52337760                  /usr/lib/x86_64-linux-gnu/libXxf86vm.so.1.0.0
7fb6140ad000-7fb6140ae000 r--p 00004000 103:04 52337760                  /usr/lib/x86_64-linux-gnu/libXxf86vm.so.1.0.0
7fb6140ae000-7fb6140af000 rw-p 00005000 103:04 52337760                  /usr/lib/x86_64-linux-gnu/libXxf86vm.so.1.0.0
7fb6140af000-7fb6140b0000 r--p 00000000 103:04 52329060                  /usr/lib/x86_64-linux-gnu/libX11-xcb.so.1.0.0
7fb6140b0000-7fb6140b1000 r-xp 00001000 103:04 52329060                  /usr/lib/x86_64-linux-gnu/libX11-xcb.so.1.0.0
7fb6140b1000-7fb6140b2000 r--p 00002000 103:04 52329060                  /usr/lib/x86_64-linux-gnu/libX11-xcb.so.1.0.0
7fb6140b2000-7fb6140b3000 r--p 00002000 103:04 52329060                  /usr/lib/x86_64-linux-gnu/libX11-xcb.so.1.0.0
7fb6140b3000-7fb6140b4000 rw-p 00003000 103:04 52329060                  /usr/lib/x86_64-linux-gnu/libX11-xcb.so.1.0.0
7fb6140b4000-7fb6140b6000 r--p 00000000 103:04 52857260                  /usr/lib/jvm/java-21-openjdk-amd64/lib/libmanagement_ext.so
7fb6140b6000-7fb6140b9000 r-xp 00002000 103:04 52857260                  /usr/lib/jvm/java-21-openjdk-amd64/lib/libmanagement_ext.so
7fb6140b9000-7fb6140ba000 r--p 00005000 103:04 52857260                  /usr/lib/jvm/java-21-openjdk-amd64/lib/libmanagement_ext.so
7fb6140ba000-7fb6140bb000 r--p 00006000 103:04 52857260                  /usr/lib/jvm/java-21-openjdk-amd64/lib/libmanagement_ext.so
7fb6140bb000-7fb6140bc000 rw-p 00007000 103:04 52857260                  /usr/lib/jvm/java-21-openjdk-amd64/lib/libmanagement_ext.so
7fb6140bc000-7fb6140be000 r--p 00000000 103:04 52857258                  /usr/lib/jvm/java-21-openjdk-amd64/lib/libmanagement.so
7fb6140be000-7fb6140bf000 r-xp 00002000 103:04 52857258                  /usr/lib/jvm/java-21-openjdk-amd64/lib/libmanagement.so
7fb6140bf000-7fb6140c0000 r--p 00003000 103:04 52857258                  /usr/lib/jvm/java-21-openjdk-amd64/lib/libmanagement.so
7fb6140c0000-7fb6140c1000 r--p 00003000 103:04 52857258                  /usr/lib/jvm/java-21-openjdk-amd64/lib/libmanagement.so
7fb6140c1000-7fb6140c2000 rw-p 00004000 103:04 52857258                  /usr/lib/jvm/java-21-openjdk-amd64/lib/libmanagement.so
7fb6140c2000-7fb6140c3000 ---p 00000000 00:00 0 
7fb6140c3000-7fb6140c7000 ---p 00000000 00:00 0 
7fb6140c7000-7fb6140e5000 rw-p 00000000 00:00 0 
7fb6140e5000-7fb6140e6000 ---p 00000000 00:00 0 
7fb6140e6000-7fb6140ea000 ---p 00000000 00:00 0 
7fb6140ea000-7fb6141e6000 rw-p 00000000 00:00 0 
7fb6141e6000-7fb6141e7000 ---p 00000000 00:00 0 
7fb6141e7000-7fb6141eb000 ---p 00000000 00:00 0 
7fb6141eb000-7fb6142e7000 rw-p 00000000 00:00 0 
7fb6142e7000-7fb6142e8000 ---p 00000000 00:00 0 
7fb6142e8000-7fb6142ec000 ---p 00000000 00:00 0 
7fb6142ec000-7fb6143e8000 rw-p 00000000 00:00 0 
7fb6143e8000-7fb6143e9000 ---p 00000000 00:00 0 
7fb6143e9000-7fb6143ed000 ---p 00000000 00:00 0 
7fb6143ed000-7fb6144e9000 rw-p 00000000 00:00 0 
7fb6144e9000-7fb6144ea000 ---p 00000000 00:00 0 
7fb6144ea000-7fb614cea000 rw-p 00000000 00:00 0 
7fb614cea000-7fb614cfc000 r--p 00000000 103:04 52340031                  /usr/lib/x86_64-linux-gnu/libibus-1.0.so.5.0.532
7fb614cfc000-7fb614d33000 r-xp 00012000 103:04 52340031                  /usr/lib/x86_64-linux-gnu/libibus-1.0.so.5.0.532
7fb614d33000-7fb614d6f000 r--p 00049000 103:04 52340031                  /usr/lib/x86_64-linux-gnu/libibus-1.0.so.5.0.532
7fb614d6f000-7fb614d72000 r--p 00084000 103:04 52340031                  /usr/lib/x86_64-linux-gnu/libibus-1.0.so.5.0.532
7fb614d72000-7fb614d73000 rw-p 00087000 103:04 52340031                  /usr/lib/x86_64-linux-gnu/libibus-1.0.so.5.0.532
7fb614d73000-7fb614d74000 r--p 00000000 103:04 52851118                  /usr/lib/jvm/java-21-openjdk-amd64/lib/libjawt.so
7fb614d74000-7fb614d75000 r-xp 00001000 103:04 52851118                  /usr/lib/jvm/java-21-openjdk-amd64/lib/libjawt.so
7fb614d75000-7fb614d76000 r--p 00002000 103:04 52851118                  /usr/lib/jvm/java-21-openjdk-amd64/lib/libjawt.so
7fb614d76000-7fb614d77000 r--p 00002000 103:04 52851118                  /usr/lib/jvm/java-21-openjdk-amd64/lib/libjawt.so
7fb614d77000-7fb614d78000 rw-p 00003000 103:04 52851118                  /usr/lib/jvm/java-21-openjdk-amd64/lib/libjawt.so
7fb614d78000-7fb614d79000 r--p 00000000 103:04 52347849                  /usr/lib/x86_64-linux-gnu/libnss_mdns4_minimal.so.2
7fb614d79000-7fb614d7b000 r-xp 00001000 103:04 52347849                  /usr/lib/x86_64-linux-gnu/libnss_mdns4_minimal.so.2
7fb614d7b000-7fb614d7c000 r--p 00003000 103:04 52347849                  /usr/lib/x86_64-linux-gnu/libnss_mdns4_minimal.so.2
7fb614d7c000-7fb614d7d000 r--p 00003000 103:04 52347849                  /usr/lib/x86_64-linux-gnu/libnss_mdns4_minimal.so.2
7fb614d7d000-7fb614d7e000 rw-p 00004000 103:04 52347849                  /usr/lib/x86_64-linux-gnu/libnss_mdns4_minimal.so.2
7fb614d7e000-7fb614d7f000 r--p 00000000 103:04 52857241                  /usr/lib/jvm/java-21-openjdk-amd64/lib/libextnet.so
7fb614d7f000-7fb614d80000 r-xp 00001000 103:04 52857241                  /usr/lib/jvm/java-21-openjdk-amd64/lib/libextnet.so
7fb614d80000-7fb614d81000 r--p 00002000 103:04 52857241                  /usr/lib/jvm/java-21-openjdk-amd64/lib/libextnet.so
7fb614d81000-7fb614d82000 r--p 00002000 103:04 52857241                  /usr/lib/jvm/java-21-openjdk-amd64/lib/libextnet.so
7fb614d82000-7fb614d83000 rw-p 00003000 103:04 52857241                  /usr/lib/jvm/java-21-openjdk-amd64/lib/libextnet.so
7fb614d83000-7fb614d84000 r--p 00000000 103:04 52359181                  /usr/lib/x86_64-linux-gnu/libpthread.so.0
7fb614d84000-7fb614d85000 r-xp 00001000 103:04 52359181                  /usr/lib/x86_64-linux-gnu/libpthread.so.0
7fb614d85000-7fb614d86000 r--p 00002000 103:04 52359181                  /usr/lib/x86_64-linux-gnu/libpthread.so.0
7fb614d86000-7fb614d87000 r--p 00002000 103:04 52359181                  /usr/lib/x86_64-linux-gnu/libpthread.so.0
7fb614d87000-7fb614d88000 rw-p 00003000 103:04 52359181                  /usr/lib/x86_64-linux-gnu/libpthread.so.0
7fb614d88000-7fb614d89000 r--p 00000000 103:04 52857264                  /usr/lib/jvm/java-21-openjdk-amd64/lib/libprefs.so
7fb614d89000-7fb614d8a000 r-xp 00001000 103:04 52857264                  /usr/lib/jvm/java-21-openjdk-amd64/lib/libprefs.so
7fb614d8a000-7fb614d8b000 r--p 00002000 103:04 52857264                  /usr/lib/jvm/java-21-openjdk-amd64/lib/libprefs.so
7fb614d8b000-7fb614d8c000 r--p 00002000 103:04 52857264                  /usr/lib/jvm/java-21-openjdk-amd64/lib/libprefs.so
7fb614d8c000-7fb614d8d000 rw-p 00003000 103:04 52857264                  /usr/lib/jvm/java-21-openjdk-amd64/lib/libprefs.so
7fb614d8d000-7fb614db6000 r--p 00000000 103:04 52451944                  /usr/share/fonts/opentype/cantarell/Cantarell-VF.otf
7fb614db6000-7fb614ddf000 r--p 00000000 103:04 52451944                  /usr/share/fonts/opentype/cantarell/Cantarell-VF.otf
7fb614ddf000-7fb614de0000 ---p 00000000 00:00 0 
7fb614de0000-7fb6155e0000 rw-p 00000000 00:00 0 
7fb6155e0000-7fb615612000 rw-p 00000000 00:00 0 
7fb615615000-7fb615616000 rw-s 00000000 00:01 1030876                    /memfd:xshmfence (deleted)
7fb615616000-7fb615619000 r--p 00000000 103:04 52347291                  /usr/lib/x86_64-linux-gnu/gtk-3.0/3.0.0/immodules/im-ibus.so
7fb615619000-7fb61561d000 r-xp 00003000 103:04 52347291                  /usr/lib/x86_64-linux-gnu/gtk-3.0/3.0.0/immodules/im-ibus.so
7fb61561d000-7fb61561f000 r--p 00007000 103:04 52347291                  /usr/lib/x86_64-linux-gnu/gtk-3.0/3.0.0/immodules/im-ibus.so
7fb61561f000-7fb615620000 r--p 00008000 103:04 52347291                  /usr/lib/x86_64-linux-gnu/gtk-3.0/3.0.0/immodules/im-ibus.so
7fb615620000-7fb615621000 rw-p 00009000 103:04 52347291                  /usr/lib/x86_64-linux-gnu/gtk-3.0/3.0.0/immodules/im-ibus.so
7fb615621000-7fb61562f000 r--s 00000000 103:04 181936032                 /var/cache/fontconfig/a4e60e8d1e10d2fdff3fe3037a1845fb-le64.cache-9
7fb61562f000-7fb615632000 r--s 00000000 103:04 181936017                 /var/cache/fontconfig/0bd3dc0958fa2205aaaa8ebb13e2872b-le64.cache-9
7fb615632000-7fb615649000 r--s 00000000 103:04 181940151                 /var/cache/fontconfig/d52a8644073d54c13679302ca1180695-le64.cache-9
7fb615649000-7fb615656000 r--s 00000000 103:04 181936004                 /var/cache/fontconfig/d589a48862398ed80a3d6066f4f56f4c-le64.cache-9
7fb615656000-7fb615666000 r--s 00000000 103:04 181935739                 /var/cache/fontconfig/6cc790b63b123a6a96ee260fcdad32a9-le64.cache-9
7fb615666000-7fb615668000 r--p 00000000 103:04 52337463                  /usr/lib/x86_64-linux-gnu/libogg.so.0.8.5
7fb615668000-7fb61566b000 r-xp 00002000 103:04 52337463                  /usr/lib/x86_64-linux-gnu/libogg.so.0.8.5
7fb61566b000-7fb61566e000 r--p 00005000 103:04 52337463                  /usr/lib/x86_64-linux-gnu/libogg.so.0.8.5
7fb61566e000-7fb61566f000 r--p 00008000 103:04 52337463                  /usr/lib/x86_64-linux-gnu/libogg.so.0.8.5
7fb61566f000-7fb615670000 rw-p 00009000 103:04 52337463                  /usr/lib/x86_64-linux-gnu/libogg.so.0.8.5
7fb615670000-7fb615673000 r--p 00000000 103:04 52337474                  /usr/lib/x86_64-linux-gnu/libvorbis.so.0.4.9
7fb615673000-7fb61568b000 r-xp 00003000 103:04 52337474                  /usr/lib/x86_64-linux-gnu/libvorbis.so.0.4.9
7fb61568b000-7fb61569c000 r--p 0001b000 103:04 52337474                  /usr/lib/x86_64-linux-gnu/libvorbis.so.0.4.9
7fb61569c000-7fb61569d000 r--p 0002c000 103:04 52337474                  /usr/lib/x86_64-linux-gnu/libvorbis.so.0.4.9
7fb61569d000-7fb61569e000 rw-p 0002d000 103:04 52337474                  /usr/lib/x86_64-linux-gnu/libvorbis.so.0.4.9
7fb61569e000-7fb6156a0000 r--p 00000000 103:04 52320529                  /usr/lib/x86_64-linux-gnu/libltdl.so.7.3.3
7fb6156a0000-7fb6156a5000 r-xp 00002000 103:04 52320529                  /usr/lib/x86_64-linux-gnu/libltdl.so.7.3.3
7fb6156a5000-7fb6156a7000 r--p 00007000 103:04 52320529                  /usr/lib/x86_64-linux-gnu/libltdl.so.7.3.3
7fb6156a7000-7fb6156a8000 r--p 00009000 103:04 52320529                  /usr/lib/x86_64-linux-gnu/libltdl.so.7.3.3
7fb6156a8000-7fb6156a9000 rw-p 0000a000 103:04 52320529                  /usr/lib/x86_64-linux-gnu/libltdl.so.7.3.3
7fb6156a9000-7fb6156ad000 r--p 00000000 103:04 52306515                  /usr/lib/x86_64-linux-gnu/libtdb.so.1.4.13
7fb6156ad000-7fb6156ba000 r-xp 00004000 103:04 52306515                  /usr/lib/x86_64-linux-gnu/libtdb.so.1.4.13
7fb6156ba000-7fb6156c0000 r--p 00011000 103:04 52306515                  /usr/lib/x86_64-linux-gnu/libtdb.so.1.4.13
7fb6156c0000-7fb6156c1000 r--p 00016000 103:04 52306515                  /usr/lib/x86_64-linux-gnu/libtdb.so.1.4.13
7fb6156c1000-7fb6156c2000 rw-p 00017000 103:04 52306515                  /usr/lib/x86_64-linux-gnu/libtdb.so.1.4.13
7fb6156c2000-7fb6156c4000 r--p 00000000 103:04 52337840                  /usr/lib/x86_64-linux-gnu/libvorbisfile.so.3.3.8
7fb6156c4000-7fb6156c9000 r-xp 00002000 103:04 52337840                  /usr/lib/x86_64-linux-gnu/libvorbisfile.so.3.3.8
7fb6156c9000-7fb6156ca000 r--p 00007000 103:04 52337840                  /usr/lib/x86_64-linux-gnu/libvorbisfile.so.3.3.8
7fb6156ca000-7fb6156cb000 r--p 00008000 103:04 52337840                  /usr/lib/x86_64-linux-gnu/libvorbisfile.so.3.3.8
7fb6156cb000-7fb6156cc000 rw-p 00009000 103:04 52337840                  /usr/lib/x86_64-linux-gnu/libvorbisfile.so.3.3.8
7fb6156cc000-7fb6156cf000 r--p 00000000 103:04 52337842                  /usr/lib/x86_64-linux-gnu/libcanberra.so.0.2.5
7fb6156cf000-7fb6156d9000 r-xp 00003000 103:04 52337842                  /usr/lib/x86_64-linux-gnu/libcanberra.so.0.2.5
7fb6156d9000-7fb6156dd000 r--p 0000d000 103:04 52337842                  /usr/lib/x86_64-linux-gnu/libcanberra.so.0.2.5
7fb6156dd000-7fb6156de000 r--p 00010000 103:04 52337842                  /usr/lib/x86_64-linux-gnu/libcanberra.so.0.2.5
7fb6156de000-7fb6156df000 rw-p 00011000 103:04 52337842                  /usr/lib/x86_64-linux-gnu/libcanberra.so.0.2.5
7fb6156df000-7fb6156e0000 rw-s 00000000 00:01 965600                     /memfd:xshmfence (deleted)
7fb6156e0000-7fb6156e8000 r--s 00000000 103:04 181936012                 /var/cache/fontconfig/3047814df9a2f067bd2d96a2b9c36e5a-le64.cache-9
7fb6156e8000-7fb6156f9000 r--s 00000000 103:04 181935110                 /var/cache/fontconfig/e13b20fdb08344e0e664864cc2ede53d-le64.cache-9
7fb6156f9000-7fb61571a000 r--p 00000000 103:04 52302391                  /usr/share/locale/en_GB/LC_MESSAGES/glib20.mo
7fb61571a000-7fb61574c000 rw-p 00000000 00:00 0 
7fb61574c000-7fb61574e000 r--p 00000000 103:04 52338488                  /usr/lib/x86_64-linux-gnu/libcanberra-gtk3.so.0.1.9
7fb61574e000-7fb615750000 r-xp 00002000 103:04 52338488                  /usr/lib/x86_64-linux-gnu/libcanberra-gtk3.so.0.1.9
7fb615750000-7fb615751000 r--p 00004000 103:04 52338488                  /usr/lib/x86_64-linux-gnu/libcanberra-gtk3.so.0.1.9
7fb615751000-7fb615752000 r--p 00004000 103:04 52338488                  /usr/lib/x86_64-linux-gnu/libcanberra-gtk3.so.0.1.9
7fb615752000-7fb615753000 rw-p 00005000 103:04 52338488                  /usr/lib/x86_64-linux-gnu/libcanberra-gtk3.so.0.1.9
7fb615753000-7fb615755000 r--p 00000000 103:04 52586826                  /usr/lib/x86_64-linux-gnu/gtk-3.0/modules/libcanberra-gtk3-module.so
7fb615755000-7fb615758000 r-xp 00002000 103:04 52586826                  /usr/lib/x86_64-linux-gnu/gtk-3.0/modules/libcanberra-gtk3-module.so
7fb615758000-7fb615759000 r--p 00005000 103:04 52586826                  /usr/lib/x86_64-linux-gnu/gtk-3.0/modules/libcanberra-gtk3-module.so
7fb615759000-7fb61575a000 r--p 00006000 103:04 52586826                  /usr/lib/x86_64-linux-gnu/gtk-3.0/modules/libcanberra-gtk3-module.so
7fb61575a000-7fb61575b000 rw-p 00007000 103:04 52586826                  /usr/lib/x86_64-linux-gnu/gtk-3.0/modules/libcanberra-gtk3-module.so
7fb61575b000-7fb61575c000 ---p 00000000 00:00 0 
7fb61575c000-7fb615f5c000 rw-p 00000000 00:00 0 
7fb615f5c000-7fb615f5d000 ---p 00000000 00:00 0 
7fb615f5d000-7fb61675d000 rw-p 00000000 00:00 0 
7fb61675d000-7fb61675e000 ---p 00000000 00:00 0 
7fb61675e000-7fb616f5e000 rw-p 00000000 00:00 0 
7fb616f5e000-7fb616f71000 r--p 00000000 103:04 52440577                  /usr/lib/x86_64-linux-gnu/gvfs/libgvfscommon.so
7fb616f71000-7fb616f8b000 r-xp 00013000 103:04 52440577                  /usr/lib/x86_64-linux-gnu/gvfs/libgvfscommon.so
7fb616f8b000-7fb616f99000 r--p 0002d000 103:04 52440577                  /usr/lib/x86_64-linux-gnu/gvfs/libgvfscommon.so
7fb616f99000-7fb616f9f000 r--p 0003b000 103:04 52440577                  /usr/lib/x86_64-linux-gnu/gvfs/libgvfscommon.so
7fb616f9f000-7fb616fa0000 rw-p 00041000 103:04 52440577                  /usr/lib/x86_64-linux-gnu/gvfs/libgvfscommon.so
7fb616fa0000-7fb616fab000 r--p 00000000 103:04 52323356                  /usr/lib/x86_64-linux-gnu/gio/modules/libgvfsdbus.so
7fb616fab000-7fb616fca000 r-xp 0000b000 103:04 52323356                  /usr/lib/x86_64-linux-gnu/gio/modules/libgvfsdbus.so
7fb616fca000-7fb616fd5000 r--p 0002a000 103:04 52323356                  /usr/lib/x86_64-linux-gnu/gio/modules/libgvfsdbus.so
7fb616fd5000-7fb616fd7000 r--p 00035000 103:04 52323356                  /usr/lib/x86_64-linux-gnu/gio/modules/libgvfsdbus.so
7fb616fd7000-7fb616fd8000 rw-p 00037000 103:04 52323356                  /usr/lib/x86_64-linux-gnu/gio/modules/libgvfsdbus.so
7fb616fd8000-7fb617008000 r--p 00000000 103:04 52326983                  /usr/share/locale/en_GB/LC_MESSAGES/gtk30-properties.mo
7fb617008000-7fb61700b000 r--p 00000000 103:04 52298627                  /usr/lib/x86_64-linux-gnu/libcap.so.2.75
7fb61700b000-7fb617010000 r-xp 00003000 103:04 52298627                  /usr/lib/x86_64-linux-gnu/libcap.so.2.75
7fb617010000-7fb617012000 r--p 00008000 103:04 52298627                  /usr/lib/x86_64-linux-gnu/libcap.so.2.75
7fb617012000-7fb617013000 r--p 0000a000 103:04 52298627                  /usr/lib/x86_64-linux-gnu/libcap.so.2.75
7fb617013000-7fb617014000 rw-p 0000b000 103:04 52298627                  /usr/lib/x86_64-linux-gnu/libcap.so.2.75
7fb617014000-7fb617030000 r--p 00000000 103:04 52298105                  /usr/lib/x86_64-linux-gnu/libsystemd.so.0.40.0
7fb617030000-7fb6170df000 r-xp 0001c000 103:04 52298105                  /usr/lib/x86_64-linux-gnu/libsystemd.so.0.40.0
7fb6170df000-7fb61711b000 r--p 000cb000 103:04 52298105                  /usr/lib/x86_64-linux-gnu/libsystemd.so.0.40.0
7fb61711b000-7fb617128000 r--p 00106000 103:04 52298105                  /usr/lib/x86_64-linux-gnu/libsystemd.so.0.40.0
7fb617128000-7fb617129000 rw-p 00113000 103:04 52298105                  /usr/lib/x86_64-linux-gnu/libsystemd.so.0.40.0
7fb617129000-7fb61712a000 rw-p 00000000 00:00 0 
7fb61712a000-7fb61712c000 r--p 00000000 103:04 52326268                  /usr/lib/x86_64-linux-gnu/libdatrie.so.1.4.0
7fb61712c000-7fb617130000 r-xp 00002000 103:04 52326268                  /usr/lib/x86_64-linux-gnu/libdatrie.so.1.4.0
7fb617130000-7fb617132000 r--p 00006000 103:04 52326268                  /usr/lib/x86_64-linux-gnu/libdatrie.so.1.4.0
7fb617132000-7fb617133000 r--p 00007000 103:04 52326268                  /usr/lib/x86_64-linux-gnu/libdatrie.so.1.4.0
7fb617133000-7fb617134000 rw-p 00008000 103:04 52326268                  /usr/lib/x86_64-linux-gnu/libdatrie.so.1.4.0
7fb617134000-7fb61713e000 r--p 00000000 103:04 52304086                  /usr/lib/x86_64-linux-gnu/libblkid.so.1.1.0
7fb61713e000-7fb61717b000 r-xp 0000a000 103:04 52304086                  /usr/lib/x86_64-linux-gnu/libblkid.so.1.1.0
7fb61717b000-7fb61718e000 r--p 00047000 103:04 52304086                  /usr/lib/x86_64-linux-gnu/libblkid.so.1.1.0
7fb61718e000-7fb617194000 r--p 0005a000 103:04 52304086                  /usr/lib/x86_64-linux-gnu/libblkid.so.1.1.0
7fb617194000-7fb617195000 rw-p 00060000 103:04 52304086                  /usr/lib/x86_64-linux-gnu/libblkid.so.1.1.0
7fb617195000-7fb6171a3000 r--p 00000000 103:04 52319139                  /usr/lib/x86_64-linux-gnu/libdbus-1.so.3.38.3
7fb6171a3000-7fb6171d4000 r-xp 0000e000 103:04 52319139                  /usr/lib/x86_64-linux-gnu/libdbus-1.so.3.38.3
7fb6171d4000-7fb6171e9000 r--p 0003f000 103:04 52319139                  /usr/lib/x86_64-linux-gnu/libdbus-1.so.3.38.3
7fb6171e9000-7fb6171eb000 r--p 00053000 103:04 52319139                  /usr/lib/x86_64-linux-gnu/libdbus-1.so.3.38.3
7fb6171eb000-7fb6171ec000 rw-p 00055000 103:04 52319139                  /usr/lib/x86_64-linux-gnu/libdbus-1.so.3.38.3
7fb6171ec000-7fb6171fd000 r--p 00000000 103:04 52326866                  /usr/lib/x86_64-linux-gnu/libatspi.so.0.0.1
7fb6171fd000-7fb617217000 r-xp 00011000 103:04 52326866                  /usr/lib/x86_64-linux-gnu/libatspi.so.0.0.1
7fb617217000-7fb617225000 r--p 0002b000 103:04 52326866                  /usr/lib/x86_64-linux-gnu/libatspi.so.0.0.1
7fb617225000-7fb617229000 r--p 00039000 103:04 52326866                  /usr/lib/x86_64-linux-gnu/libatspi.so.0.0.1
7fb617229000-7fb61722a000 rw-p 0003d000 103:04 52326866                  /usr/lib/x86_64-linux-gnu/libatspi.so.0.0.1
7fb61722a000-7fb61722e000 r--p 00000000 103:04 52319911                  /usr/lib/x86_64-linux-gnu/libjpeg.so.62.3.0
7fb61722e000-7fb61727d000 r-xp 00004000 103:04 52319911                  /usr/lib/x86_64-linux-gnu/libjpeg.so.62.3.0
7fb61727d000-7fb6172bf000 r--p 00053000 103:04 52319911                  /usr/lib/x86_64-linux-gnu/libjpeg.so.62.3.0
7fb6172bf000-7fb6172c0000 r--p 00095000 103:04 52319911                  /usr/lib/x86_64-linux-gnu/libjpeg.so.62.3.0
7fb6172c0000-7fb6172c1000 rw-p 00096000 103:04 52319911                  /usr/lib/x86_64-linux-gnu/libjpeg.so.62.3.0
7fb6172c1000-7fb6172cc000 r--p 00000000 103:04 52323864                  /usr/lib/x86_64-linux-gnu/libpixman-1.so.0.44.0
7fb6172cc000-7fb617353000 r-xp 0000b000 103:04 52323864                  /usr/lib/x86_64-linux-gnu/libpixman-1.so.0.44.0
7fb617353000-7fb617365000 r--p 00092000 103:04 52323864                  /usr/lib/x86_64-linux-gnu/libpixman-1.so.0.44.0
7fb617365000-7fb61736d000 r--p 000a4000 103:04 52323864                  /usr/lib/x86_64-linux-gnu/libpixman-1.so.0.44.0
7fb61736d000-7fb61736e000 rw-p 000ac000 103:04 52323864                  /usr/lib/x86_64-linux-gnu/libpixman-1.so.0.44.0
7fb61736e000-7fb61736f000 r--p 00000000 103:04 52323877                  /usr/lib/x86_64-linux-gnu/libxcb-shm.so.0.0.0
7fb61736f000-7fb617370000 r-xp 00001000 103:04 52323877                  /usr/lib/x86_64-linux-gnu/libxcb-shm.so.0.0.0
7fb617370000-7fb617371000 r--p 00002000 103:04 52323877                  /usr/lib/x86_64-linux-gnu/libxcb-shm.so.0.0.0
7fb617371000-7fb617372000 r--p 00002000 103:04 52323877                  /usr/lib/x86_64-linux-gnu/libxcb-shm.so.0.0.0
7fb617372000-7fb617373000 rw-p 00003000 103:04 52323877                  /usr/lib/x86_64-linux-gnu/libxcb-shm.so.0.0.0
7fb617373000-7fb617378000 r--p 00000000 103:04 52323870                  /usr/lib/x86_64-linux-gnu/libxcb-render.so.0.0.0
7fb617378000-7fb61737e000 r-xp 00005000 103:04 52323870                  /usr/lib/x86_64-linux-gnu/libxcb-render.so.0.0.0
7fb61737e000-7fb617380000 r--p 0000b000 103:04 52323870                  /usr/lib/x86_64-linux-gnu/libxcb-render.so.0.0.0
7fb617380000-7fb617381000 r--p 0000d000 103:04 52323870                  /usr/lib/x86_64-linux-gnu/libxcb-render.so.0.0.0
7fb617381000-7fb617382000 rw-p 0000e000 103:04 52323870                  /usr/lib/x86_64-linux-gnu/libxcb-render.so.0.0.0
7fb617382000-7fb617384000 r--p 00000000 103:04 52326277                  /usr/lib/x86_64-linux-gnu/libthai.so.0.3.1
7fb617384000-7fb617388000 r-xp 00002000 103:04 52326277                  /usr/lib/x86_64-linux-gnu/libthai.so.0.3.1
7fb617388000-7fb61738b000 r--p 00006000 103:04 52326277                  /usr/lib/x86_64-linux-gnu/libthai.so.0.3.1
7fb61738b000-7fb61738c000 r--p 00008000 103:04 52326277                  /usr/lib/x86_64-linux-gnu/libthai.so.0.3.1
7fb61738c000-7fb61738d000 rw-p 00009000 103:04 52326277                  /usr/lib/x86_64-linux-gnu/libthai.so.0.3.1
7fb61738d000-7fb617394000 r--p 00000000 103:04 52298041                  /usr/lib/x86_64-linux-gnu/libselinux.so.1
7fb617394000-7fb6173b4000 r-xp 00007000 103:04 52298041                  /usr/lib/x86_64-linux-gnu/libselinux.so.1
7fb6173b4000-7fb6173bd000 r--p 00027000 103:04 52298041                  /usr/lib/x86_64-linux-gnu/libselinux.so.1
7fb6173bd000-7fb6173be000 r--p 00030000 103:04 52298041                  /usr/lib/x86_64-linux-gnu/libselinux.so.1
7fb6173be000-7fb6173bf000 rw-p 00031000 103:04 52298041                  /usr/lib/x86_64-linux-gnu/libselinux.so.1
7fb6173bf000-7fb6173c1000 rw-p 00000000 00:00 0 
7fb6173c1000-7fb6173ce000 r--p 00000000 103:04 52299607                  /usr/lib/x86_64-linux-gnu/libmount.so.1.1.0
7fb6173ce000-7fb61741f000 r-xp 0000d000 103:04 52299607                  /usr/lib/x86_64-linux-gnu/libmount.so.1.1.0
7fb61741f000-7fb617439000 r--p 0005e000 103:04 52299607                  /usr/lib/x86_64-linux-gnu/libmount.so.1.1.0
7fb617439000-7fb61743c000 r--p 00077000 103:04 52299607                  /usr/lib/x86_64-linux-gnu/libmount.so.1.1.0
7fb61743c000-7fb61743d000 rw-p 0007a000 103:04 52299607                  /usr/lib/x86_64-linux-gnu/libmount.so.1.1.0
7fb61743d000-7fb61743f000 r--p 00000000 103:04 52319304                  /usr/lib/x86_64-linux-gnu/libffi.so.8.1.4
7fb61743f000-7fb617446000 r-xp 00002000 103:04 52319304                  /usr/lib/x86_64-linux-gnu/libffi.so.8.1.4
7fb617446000-7fb617448000 r--p 00009000 103:04 52319304                  /usr/lib/x86_64-linux-gnu/libffi.so.8.1.4
7fb617448000-7fb617449000 r--p 0000a000 103:04 52319304                  /usr/lib/x86_64-linux-gnu/libffi.so.8.1.4
7fb617449000-7fb61744a000 rw-p 0000b000 103:04 52319304                  /usr/lib/x86_64-linux-gnu/libffi.so.8.1.4
7fb61744a000-7fb61744c000 r--p 00000000 103:04 52326355                  /usr/lib/x86_64-linux-gnu/libXrandr.so.2.2.0
7fb61744c000-7fb617453000 r-xp 00002000 103:04 52326355                  /usr/lib/x86_64-linux-gnu/libXrandr.so.2.2.0
7fb617453000-7fb617455000 r--p 00009000 103:04 52326355                  /usr/lib/x86_64-linux-gnu/libXrandr.so.2.2.0
7fb617455000-7fb617456000 r--p 0000a000 103:04 52326355                  /usr/lib/x86_64-linux-gnu/libXrandr.so.2.2.0
7fb617456000-7fb617457000 rw-p 0000b000 103:04 52326355                  /usr/lib/x86_64-linux-gnu/libXrandr.so.2.2.0
7fb617457000-7fb617458000 r--p 00000000 103:04 52326883                  /usr/lib/x86_64-linux-gnu/libXcomposite.so.1.0.0
7fb617458000-7fb617459000 r-xp 00001000 103:04 52326883                  /usr/lib/x86_64-linux-gnu/libXcomposite.so.1.0.0
7fb617459000-7fb61745a000 r--p 00002000 103:04 52326883                  /usr/lib/x86_64-linux-gnu/libXcomposite.so.1.0.0
7fb61745a000-7fb61745b000 r--p 00002000 103:04 52326883                  /usr/lib/x86_64-linux-gnu/libXcomposite.so.1.0.0
7fb61745b000-7fb61745c000 rw-p 00003000 103:04 52326883                  /usr/lib/x86_64-linux-gnu/libXcomposite.so.1.0.0
7fb61745c000-7fb61745d000 r--p 00000000 103:04 52326330                  /usr/lib/x86_64-linux-gnu/libXdamage.so.1.1.0
7fb61745d000-7fb61745e000 r-xp 00001000 103:04 52326330                  /usr/lib/x86_64-linux-gnu/libXdamage.so.1.1.0
7fb61745e000-7fb61745f000 r--p 00002000 103:04 52326330                  /usr/lib/x86_64-linux-gnu/libXdamage.so.1.1.0
7fb61745f000-7fb617460000 r--p 00002000 103:04 52326330                  /usr/lib/x86_64-linux-gnu/libXdamage.so.1.1.0
7fb617460000-7fb617461000 rw-p 00003000 103:04 52326330                  /usr/lib/x86_64-linux-gnu/libXdamage.so.1.1.0
7fb617461000-7fb617463000 r--p 00000000 103:04 52326878                  /usr/lib/x86_64-linux-gnu/libwayland-cursor.so.0.23.1
7fb617463000-7fb617465000 r-xp 00002000 103:04 52326878                  /usr/lib/x86_64-linux-gnu/libwayland-cursor.so.0.23.1
7fb617465000-7fb617466000 r--p 00004000 103:04 52326878                  /usr/lib/x86_64-linux-gnu/libwayland-cursor.so.0.23.1
7fb617466000-7fb617467000 r--p 00004000 103:04 52326878                  /usr/lib/x86_64-linux-gnu/libwayland-cursor.so.0.23.1
7fb617467000-7fb61746b000 rw-p 00005000 103:04 52326878                  /usr/lib/x86_64-linux-gnu/libwayland-cursor.so.0.23.1
7fb61746b000-7fb617471000 r--p 00000000 103:04 52326307                  /usr/lib/x86_64-linux-gnu/libwayland-client.so.0.23.1
7fb617471000-7fb617478000 r-xp 00006000 103:04 52326307                  /usr/lib/x86_64-linux-gnu/libwayland-client.so.0.23.1
7fb617478000-7fb61747b000 r--p 0000d000 103:04 52326307                  /usr/lib/x86_64-linux-gnu/libwayland-client.so.0.23.1
7fb61747b000-7fb61747d000 r--p 00010000 103:04 52326307                  /usr/lib/x86_64-linux-gnu/libwayland-client.so.0.23.1
7fb61747d000-7fb61747e000 rw-p 00012000 103:04 52326307                  /usr/lib/x86_64-linux-gnu/libwayland-client.so.0.23.1
7fb61747e000-7fb617483000 r--p 00000000 103:04 52326350                  /usr/lib/x86_64-linux-gnu/libxkbcommon.so.0.0.0
7fb617483000-7fb6174a2000 r-xp 00005000 103:04 52326350                  /usr/lib/x86_64-linux-gnu/libxkbcommon.so.0.0.0
7fb6174a2000-7fb6174c6000 r--p 00024000 103:04 52326350                  /usr/lib/x86_64-linux-gnu/libxkbcommon.so.0.0.0
7fb6174c6000-7fb6174c8000 r--p 00047000 103:04 52326350                  /usr/lib/x86_64-linux-gnu/libxkbcommon.so.0.0.0
7fb6174c8000-7fb6174c9000 rw-p 00049000 103:04 52326350                  /usr/lib/x86_64-linux-gnu/libxkbcommon.so.0.0.0
7fb6174c9000-7fb6174d0000 r--p 00000000 103:04 52326213                  /usr/lib/x86_64-linux-gnu/libcloudproviders.so.0.3.6
7fb6174d0000-7fb6174da000 r-xp 00007000 103:04 52326213                  /usr/lib/x86_64-linux-gnu/libcloudproviders.so.0.3.6
7fb6174da000-7fb6174df000 r--p 00011000 103:04 52326213                  /usr/lib/x86_64-linux-gnu/libcloudproviders.so.0.3.6
7fb6174df000-7fb6174e0000 r--p 00016000 103:04 52326213                  /usr/lib/x86_64-linux-gnu/libcloudproviders.so.0.3.6
7fb6174e0000-7fb6174e1000 rw-p 00017000 103:04 52326213                  /usr/lib/x86_64-linux-gnu/libcloudproviders.so.0.3.6
7fb6174e1000-7fb6174ed000 r--p 00000000 103:04 52326872                  /usr/lib/x86_64-linux-gnu/libatk-bridge-2.0.so.0.0.0
7fb6174ed000-7fb617506000 r-xp 0000c000 103:04 52326872                  /usr/lib/x86_64-linux-gnu/libatk-bridge-2.0.so.0.0.0
7fb617506000-7fb61751b000 r--p 00025000 103:04 52326872                  /usr/lib/x86_64-linux-gnu/libatk-bridge-2.0.so.0.0.0
7fb61751b000-7fb61751d000 r--p 00039000 103:04 52326872                  /usr/lib/x86_64-linux-gnu/libatk-bridge-2.0.so.0.0.0
7fb61751d000-7fb61751f000 rw-p 0003b000 103:04 52326872                  /usr/lib/x86_64-linux-gnu/libatk-bridge-2.0.so.0.0.0
7fb61751f000-7fb61757e000 r--p 00000000 103:04 52323978                  /usr/lib/x86_64-linux-gnu/libepoxy.so.0.0.0
7fb61757e000-7fb6175e3000 r-xp 0005f000 103:04 52323978                  /usr/lib/x86_64-linux-gnu/libepoxy.so.0.0.0
7fb6175e3000-7fb617640000 r--p 000c4000 103:04 52323978                  /usr/lib/x86_64-linux-gnu/libepoxy.so.0.0.0
7fb617640000-7fb617648000 r--p 00121000 103:04 52323978                  /usr/lib/x86_64-linux-gnu/libepoxy.so.0.0.0
7fb617648000-7fb61764f000 rw-p 00129000 103:04 52323978                  /usr/lib/x86_64-linux-gnu/libepoxy.so.0.0.0
7fb61764f000-7fb61765a000 r--p 00000000 103:04 52326860                  /usr/lib/x86_64-linux-gnu/libatk-1.0.so.0.25611.1
7fb61765a000-7fb617669000 r-xp 0000b000 103:04 52326860                  /usr/lib/x86_64-linux-gnu/libatk-1.0.so.0.25611.1
7fb617669000-7fb617675000 r--p 0001a000 103:04 52326860                  /usr/lib/x86_64-linux-gnu/libatk-1.0.so.0.25611.1
7fb617675000-7fb617678000 r--p 00025000 103:04 52326860                  /usr/lib/x86_64-linux-gnu/libatk-1.0.so.0.25611.1
7fb617678000-7fb617679000 rw-p 00028000 103:04 52326860                  /usr/lib/x86_64-linux-gnu/libatk-1.0.so.0.25611.1
7fb617679000-7fb617681000 r--p 00000000 103:04 52319700                  /usr/lib/x86_64-linux-gnu/libgdk_pixbuf-2.0.so.0.4200.12
7fb617681000-7fb61769b000 r-xp 00008000 103:04 52319700                  /usr/lib/x86_64-linux-gnu/libgdk_pixbuf-2.0.so.0.4200.12
7fb61769b000-7fb6176a5000 r--p 00022000 103:04 52319700                  /usr/lib/x86_64-linux-gnu/libgdk_pixbuf-2.0.so.0.4200.12
7fb6176a5000-7fb6176a6000 r--p 0002c000 103:04 52319700                  /usr/lib/x86_64-linux-gnu/libgdk_pixbuf-2.0.so.0.4200.12
7fb6176a6000-7fb6176a7000 rw-p 0002d000 103:04 52319700                  /usr/lib/x86_64-linux-gnu/libgdk_pixbuf-2.0.so.0.4200.12
7fb6176a7000-7fb6176ab000 r--p 00000000 103:04 52326187                  /usr/lib/x86_64-linux-gnu/libcairo-gobject.so.2.11804.4
7fb6176ab000-7fb6176ad000 r-xp 00004000 103:04 52326187                  /usr/lib/x86_64-linux-gnu/libcairo-gobject.so.2.11804.4
7fb6176ad000-7fb6176af000 r--p 00006000 103:04 52326187                  /usr/lib/x86_64-linux-gnu/libcairo-gobject.so.2.11804.4
7fb6176af000-7fb6176b1000 r--p 00008000 103:04 52326187                  /usr/lib/x86_64-linux-gnu/libcairo-gobject.so.2.11804.4
7fb6176b1000-7fb6176b2000 rw-p 0000a000 103:04 52326187                  /usr/lib/x86_64-linux-gnu/libcairo-gobject.so.2.11804.4
7fb6176b2000-7fb6176c6000 r--p 00000000 103:04 52323890                  /usr/lib/x86_64-linux-gnu/libcairo.so.2.11804.4
7fb6176c6000-7fb6177b2000 r-xp 00014000 103:04 52323890                  /usr/lib/x86_64-linux-gnu/libcairo.so.2.11804.4
7fb6177b2000-7fb6177f9000 r--p 00100000 103:04 52323890                  /usr/lib/x86_64-linux-gnu/libcairo.so.2.11804.4
7fb6177f9000-7fb6177fd000 r--p 00147000 103:04 52323890                  /usr/lib/x86_64-linux-gnu/libcairo.so.2.11804.4
7fb6177fd000-7fb6177ff000 rw-p 0014b000 103:04 52323890                  /usr/lib/x86_64-linux-gnu/libcairo.so.2.11804.4
7fb6177ff000-7fb617800000 rw-p 00000000 00:00 0 
7fb617800000-7fb61788d000 r--p 00000000 103:04 52327191                  /usr/lib/x86_64-linux-gnu/libgtk-3.so.0.2417.32
7fb61788d000-7fb617c1f000 r-xp 0008d000 103:04 52327191                  /usr/lib/x86_64-linux-gnu/libgtk-3.so.0.2417.32
7fb617c1f000-7fb617fe3000 r--p 0041f000 103:04 52327191                  /usr/lib/x86_64-linux-gnu/libgtk-3.so.0.2417.32
7fb617fe3000-7fb617ff6000 r--p 007e3000 103:04 52327191                  /usr/lib/x86_64-linux-gnu/libgtk-3.so.0.2417.32
7fb617ff6000-7fb617ff9000 rw-p 007f6000 103:04 52327191                  /usr/lib/x86_64-linux-gnu/libgtk-3.so.0.2417.32
7fb617ff9000-7fb617ffe000 rw-p 00000000 00:00 0 
7fb617ffe000-7fb617fff000 rw-s 156564000 00:06 491                       /dev/dri/renderD128
7fb617fff000-7fb618000000 rw-s 195408000 00:06 491                       /dev/dri/renderD128
7fb618000000-7fb61806a000 rw-p 00000000 00:00 0 
7fb61806a000-7fb61c000000 ---p 00000000 00:00 0 
7fb61c000000-7fb61c031000 rw-p 00000000 00:00 0 
7fb61c031000-7fb620000000 ---p 00000000 00:00 0 
7fb620000000-7fb6208cb000 rw-p 00000000 00:00 0 
7fb6208cb000-7fb624000000 ---p 00000000 00:00 0 
7fb624000000-7fb624db4000 rw-p 00000000 00:00 0 
7fb624db4000-7fb628000000 ---p 00000000 00:00 0 
7fb628000000-7fb628453000 rw-p 00000000 00:00 0 
7fb628453000-7fb62c000000 ---p 00000000 00:00 0 
7fb62c000000-7fb62c91c000 rw-p 00000000 00:00 0 
7fb62c91c000-7fb630000000 ---p 00000000 00:00 0 
7fb630000000-7fb630021000 rw-p 00000000 00:00 0 
7fb630021000-7fb634000000 ---p 00000000 00:00 0 
7fb634000000-7fb634021000 rw-p 00000000 00:00 0 
7fb634021000-7fb638000000 ---p 00000000 00:00 0 
7fb638000000-7fb63c000000 rw-p 00000000 00:00 0 
7fb63c000000-7fb63cec0000 rw-p 00000000 00:00 0 
7fb63cec0000-7fb640000000 ---p 00000000 00:00 0 
7fb640000000-7fb640021000 rw-p 00000000 00:00 0 
7fb640021000-7fb644000000 ---p 00000000 00:00 0 
7fb644000000-7fb644021000 rw-p 00000000 00:00 0 
7fb644021000-7fb648000000 ---p 00000000 00:00 0 
7fb648000000-7fb648021000 rw-p 00000000 00:00 0 
7fb648021000-7fb64c000000 ---p 00000000 00:00 0 
7fb64c000000-7fb64c021000 rw-p 00000000 00:00 0 
7fb64c021000-7fb650000000 ---p 00000000 00:00 0 
7fb650000000-7fb6512b8000 rw-p 00000000 00:00 0 
7fb6512b8000-7fb654000000 ---p 00000000 00:00 0 
7fb654000000-7fb654021000 rw-p 00000000 00:00 0 
7fb654021000-7fb658000000 ---p 00000000 00:00 0 
7fb658000000-7fb658400000 rw-p 00000000 00:00 0 
7fb658400000-7fb658600000 rw-p 00000000 00:00 0 
7fb658600000-7fb658780000 rw-p 00000000 00:00 0 
7fb658780000-7fb658800000 rw-p 00000000 00:00 0 
7fb658800000-7fb658ac0000 rw-p 00000000 00:00 0 
7fb658ac0000-7fb658b00000 rw-p 00000000 00:00 0 
7fb658b00000-7fb659000000 rw-p 00000000 00:00 0 
7fb659000000-7fb659300000 rw-p 00000000 00:00 0 
7fb659300000-7fb659400000 rw-p 00000000 00:00 0 
7fb659400000-7fb6597c0000 rw-p 00000000 00:00 0 
7fb6597c0000-7fb6598c0000 rw-p 00000000 00:00 0 
7fb6598c0000-7fb659900000 rw-p 00000000 00:00 0 
7fb659900000-7fb659b00000 rw-p 00000000 00:00 0 
7fb659b00000-7fb659b60000 rw-p 00000000 00:00 0 
7fb659b60000-7fb659b80000 rw-p 00000000 00:00 0 
7fb659b80000-7fb659d00000 rw-p 00000000 00:00 0 
7fb659d00000-7fb659f00000 rw-p 00000000 00:00 0 
7fb659f00000-7fb65a100000 rw-p 00000000 00:00 0 
7fb65a100000-7fb65a200000 rw-p 00000000 00:00 0 
7fb65a200000-7fb65a500000 rw-p 00000000 00:00 0 
7fb65a500000-7fb65a600000 rw-p 00000000 00:00 0 
7fb65a600000-7fb65a980000 rw-p 00000000 00:00 0 
7fb65a980000-7fb65aa00000 rw-p 00000000 00:00 0 
7fb65aa00000-7fb65b1c0000 rw-p 00000000 00:00 0 
7fb65b1c0000-7fb65b300000 rw-p 00000000 00:00 0 
7fb65b300000-7fb65b400000 rw-p 00000000 00:00 0 
7fb65b400000-7fb65b600000 rw-p 00000000 00:00 0 
7fb65b600000-7fb65b700000 rw-p 00000000 00:00 0 
7fb65b700000-7fb65b800000 rw-p 00000000 00:00 0 
7fb65b800000-7fb65be00000 rw-p 00000000 00:00 0 
7fb65be00000-7fb65bf00000 rw-p 00000000 00:00 0 
7fb65bf00000-7fb65c000000 rw-p 00000000 00:00 0 
7fb65c000000-7fb65c021000 rw-p 00000000 00:00 0 
7fb65c021000-7fb660000000 ---p 00000000 00:00 0 
7fb660000000-7fb660001000 rw-s 108b7e000 00:06 491                       /dev/dri/renderD128
7fb660001000-7fb660003000 r--p 00000000 103:04 52326227                  /usr/lib/x86_64-linux-gnu/libfribidi.so.0.4.0
7fb660003000-7fb660007000 r-xp 00002000 103:04 52326227                  /usr/lib/x86_64-linux-gnu/libfribidi.so.0.4.0
7fb660007000-7fb66001e000 r--p 00006000 103:04 52326227                  /usr/lib/x86_64-linux-gnu/libfribidi.so.0.4.0
7fb66001e000-7fb66001f000 r--p 0001c000 103:04 52326227                  /usr/lib/x86_64-linux-gnu/libfribidi.so.0.4.0
7fb66001f000-7fb660020000 rw-p 0001d000 103:04 52326227                  /usr/lib/x86_64-linux-gnu/libfribidi.so.0.4.0
7fb660020000-7fb660028000 r--p 00000000 103:04 52326292                  /usr/lib/x86_64-linux-gnu/libpangoft2-1.0.so.0.5600.3
7fb660028000-7fb660036000 r-xp 00008000 103:04 52326292                  /usr/lib/x86_64-linux-gnu/libpangoft2-1.0.so.0.5600.3
7fb660036000-7fb66003b000 r--p 00016000 103:04 52326292                  /usr/lib/x86_64-linux-gnu/libpangoft2-1.0.so.0.5600.3
7fb66003b000-7fb66003c000 r--p 0001b000 103:04 52326292                  /usr/lib/x86_64-linux-gnu/libpangoft2-1.0.so.0.5600.3
7fb66003c000-7fb66003d000 rw-p 0001c000 103:04 52326292                  /usr/lib/x86_64-linux-gnu/libpangoft2-1.0.so.0.5600.3
7fb66003d000-7fb660050000 r--p 00000000 103:04 52326284                  /usr/lib/x86_64-linux-gnu/libpango-1.0.so.0.5600.3
7fb660050000-7fb66008d000 r-xp 00013000 103:04 52326284                  /usr/lib/x86_64-linux-gnu/libpango-1.0.so.0.5600.3
7fb66008d000-7fb6600a9000 r--p 00050000 103:04 52326284                  /usr/lib/x86_64-linux-gnu/libpango-1.0.so.0.5600.3
7fb6600a9000-7fb6600ad000 r--p 0006b000 103:04 52326284                  /usr/lib/x86_64-linux-gnu/libpango-1.0.so.0.5600.3
7fb6600ad000-7fb6600ae000 rw-p 0006f000 103:04 52326284                  /usr/lib/x86_64-linux-gnu/libpango-1.0.so.0.5600.3
7fb6600ae000-7fb6600ec000 r--p 00000000 103:04 52302777                  /usr/lib/x86_64-linux-gnu/libgio-2.0.so.0.8400.4
7fb6600ec000-7fb66020a000 r-xp 0003e000 103:04 52302777                  /usr/lib/x86_64-linux-gnu/libgio-2.0.so.0.8400.4
7fb66020a000-7fb660299000 r--p 0015c000 103:04 52302777                  /usr/lib/x86_64-linux-gnu/libgio-2.0.so.0.8400.4
7fb660299000-7fb6602a3000 r--p 001ea000 103:04 52302777                  /usr/lib/x86_64-linux-gnu/libgio-2.0.so.0.8400.4
7fb6602a3000-7fb6602a4000 rw-p 001f4000 103:04 52302777                  /usr/lib/x86_64-linux-gnu/libgio-2.0.so.0.8400.4
7fb6602a4000-7fb6602a6000 rw-p 00000000 00:00 0 
7fb6602a6000-7fb6602d4000 r--p 00000000 103:04 52327187                  /usr/lib/x86_64-linux-gnu/libgdk-3.so.0.2417.32
7fb6602d4000-7fb66035b000 r-xp 0002e000 103:04 52327187                  /usr/lib/x86_64-linux-gnu/libgdk-3.so.0.2417.32
7fb66035b000-7fb6603aa000 r--p 000b5000 103:04 52327187                  /usr/lib/x86_64-linux-gnu/libgdk-3.so.0.2417.32
7fb6603aa000-7fb6603b4000 r--p 00103000 103:04 52327187                  /usr/lib/x86_64-linux-gnu/libgdk-3.so.0.2417.32
7fb6603b4000-7fb6603b6000 rw-p 0010d000 103:04 52327187                  /usr/lib/x86_64-linux-gnu/libgdk-3.so.0.2417.32
7fb6603b6000-7fb6603b7000 ---p 00000000 00:00 0 
7fb6603b7000-7fb6603bb000 ---p 00000000 00:00 0 
7fb6603bb000-7fb6604b7000 rw-p 00000000 00:00 0 
7fb6604b7000-7fb6604ba000 r--p 00000000 103:04 52298033                  /usr/lib/x86_64-linux-gnu/libpcre2-8.so.0.14.0
7fb6604ba000-7fb660535000 r-xp 00003000 103:04 52298033                  /usr/lib/x86_64-linux-gnu/libpcre2-8.so.0.14.0
7fb660535000-7fb660564000 r--p 0007e000 103:04 52298033                  /usr/lib/x86_64-linux-gnu/libpcre2-8.so.0.14.0
7fb660564000-7fb660565000 r--p 000ac000 103:04 52298033                  /usr/lib/x86_64-linux-gnu/libpcre2-8.so.0.14.0
7fb660565000-7fb660566000 rw-p 000ad000 103:04 52298033                  /usr/lib/x86_64-linux-gnu/libpcre2-8.so.0.14.0
7fb660566000-7fb660585000 r--p 00000000 103:04 52302780                  /usr/lib/x86_64-linux-gnu/libglib-2.0.so.0.8400.4
7fb660585000-7fb660626000 r-xp 0001f000 103:04 52302780                  /usr/lib/x86_64-linux-gnu/libglib-2.0.so.0.8400.4
7fb660626000-7fb6606bc000 r--p 000c0000 103:04 52302780                  /usr/lib/x86_64-linux-gnu/libglib-2.0.so.0.8400.4
7fb6606bc000-7fb6606bd000 r--p 00155000 103:04 52302780                  /usr/lib/x86_64-linux-gnu/libglib-2.0.so.0.8400.4
7fb6606bd000-7fb6606be000 rw-p 00156000 103:04 52302780                  /usr/lib/x86_64-linux-gnu/libglib-2.0.so.0.8400.4
7fb6606be000-7fb6606bf000 rw-p 00000000 00:00 0 
7fb6606bf000-7fb6606cc000 r--p 00000000 103:04 52321180                  /usr/lib/x86_64-linux-gnu/libharfbuzz.so.0.61020.0
7fb6606cc000-7fb6607bd000 r-xp 0000d000 103:04 52321180                  /usr/lib/x86_64-linux-gnu/libharfbuzz.so.0.61020.0
7fb6607bd000-7fb6607fd000 r--p 000fe000 103:04 52321180                  /usr/lib/x86_64-linux-gnu/libharfbuzz.so.0.61020.0
7fb6607fd000-7fb6607ff000 r--p 0013d000 103:04 52321180                  /usr/lib/x86_64-linux-gnu/libharfbuzz.so.0.61020.0
7fb6607ff000-7fb660800000 rw-p 0013f000 103:04 52321180                  /usr/lib/x86_64-linux-gnu/libharfbuzz.so.0.61020.0
7fb660800000-7fb660805000 r-xp 00000000 00:5f 5027857490                 /usr/lib/libXtst.so.6
7fb660805000-7fb660a04000 ---p 00005000 00:5f 5027857490                 /usr/lib/libXtst.so.6
7fb660a04000-7fb660a05000 r--p 00004000 00:5f 5027857490                 /usr/lib/libXtst.so.6
7fb660a05000-7fb660a06000 rw-p 00005000 00:5f 5027857490                 /usr/lib/libXtst.so.6
7fb660a06000-7fb660a07000 rw-s 104460000 00:06 491                       /dev/dri/renderD128
7fb660a07000-7fb660a0a000 r--s 00000000 103:04 181935729                 /var/cache/fontconfig/62f91419b9ebdb6975e7e41ab6412357-le64.cache-9
7fb660a0a000-7fb660a0f000 r--p 00000000 103:04 52326297                  /usr/lib/x86_64-linux-gnu/libpangocairo-1.0.so.0.5600.3
7fb660a0f000-7fb660a16000 r-xp 00005000 103:04 52326297                  /usr/lib/x86_64-linux-gnu/libpangocairo-1.0.so.0.5600.3
7fb660a16000-7fb660a19000 r--p 0000c000 103:04 52326297                  /usr/lib/x86_64-linux-gnu/libpangocairo-1.0.so.0.5600.3
7fb660a19000-7fb660a1a000 r--p 0000e000 103:04 52326297                  /usr/lib/x86_64-linux-gnu/libpangocairo-1.0.so.0.5600.3
7fb660a1a000-7fb660a1b000 rw-p 0000f000 103:04 52326297                  /usr/lib/x86_64-linux-gnu/libpangocairo-1.0.so.0.5600.3
7fb660a1b000-7fb660a2b000 r--p 00000000 103:04 52302975                  /usr/lib/x86_64-linux-gnu/libgobject-2.0.so.0.8400.4
7fb660a2b000-7fb660a60000 r-xp 00010000 103:04 52302975                  /usr/lib/x86_64-linux-gnu/libgobject-2.0.so.0.8400.4
7fb660a60000-7fb660a7a000 r--p 00045000 103:04 52302975                  /usr/lib/x86_64-linux-gnu/libgobject-2.0.so.0.8400.4
7fb660a7a000-7fb660a7d000 r--p 0005f000 103:04 52302975                  /usr/lib/x86_64-linux-gnu/libgobject-2.0.so.0.8400.4
7fb660a7d000-7fb660a7e000 rw-p 00062000 103:04 52302975                  /usr/lib/x86_64-linux-gnu/libgobject-2.0.so.0.8400.4
7fb660a7e000-7fb660a81000 r--p 00000000 103:04 52321362                  /usr/lib/x86_64-linux-gnu/libgraphite2.so.3.2.1
7fb660a81000-7fb660aa0000 r-xp 00003000 103:04 52321362                  /usr/lib/x86_64-linux-gnu/libgraphite2.so.3.2.1
7fb660aa0000-7fb660aa5000 r--p 00022000 103:04 52321362                  /usr/lib/x86_64-linux-gnu/libgraphite2.so.3.2.1
7fb660aa5000-7fb660aa7000 r--p 00026000 103:04 52321362                  /usr/lib/x86_64-linux-gnu/libgraphite2.so.3.2.1
7fb660aa7000-7fb660aa8000 rw-p 00028000 103:04 52321362                  /usr/lib/x86_64-linux-gnu/libgraphite2.so.3.2.1
7fb660aa8000-7fb660ac2000 r--p 00000000 103:04 52326984                  /usr/share/locale/en_GB/LC_MESSAGES/gtk30.mo
7fb660ac2000-7fb660ad1000 r--p 00000000 103:04 52851116                  /usr/lib/jvm/java-21-openjdk-amd64/lib/libawt_xawt.so
7fb660ad1000-7fb660b1a000 r-xp 0000f000 103:04 52851116                  /usr/lib/jvm/java-21-openjdk-amd64/lib/libawt_xawt.so
7fb660b1a000-7fb660b2e000 r--p 00058000 103:04 52851116                  /usr/lib/jvm/java-21-openjdk-amd64/lib/libawt_xawt.so
7fb660b2e000-7fb660b30000 r--p 0006c000 103:04 52851116                  /usr/lib/jvm/java-21-openjdk-amd64/lib/libawt_xawt.so
7fb660b30000-7fb660b32000 rw-p 0006e000 103:04 52851116                  /usr/lib/jvm/java-21-openjdk-amd64/lib/libawt_xawt.so
7fb660b32000-7fb660b34000 rw-p 00000000 00:00 0 
7fb660b34000-7fb660b52000 r--p 00000000 103:04 52857238                  /usr/lib/jvm/java-21-openjdk-amd64/lib/libawt.so
7fb660b52000-7fb660bf0000 r-xp 0001e000 103:04 52857238                  /usr/lib/jvm/java-21-openjdk-amd64/lib/libawt.so
7fb660bf0000-7fb660bfd000 r--p 000bc000 103:04 52857238                  /usr/lib/jvm/java-21-openjdk-amd64/lib/libawt.so
7fb660bfd000-7fb660bfe000 r--p 000c8000 103:04 52857238                  /usr/lib/jvm/java-21-openjdk-amd64/lib/libawt.so
7fb660bfe000-7fb660c09000 rw-p 000c9000 103:04 52857238                  /usr/lib/jvm/java-21-openjdk-amd64/lib/libawt.so
7fb660c09000-7fb660c2e000 rw-p 00000000 00:00 0 
7fb660c2e000-7fb660c2f000 ---p 00000000 00:00 0 
7fb660c2f000-7fb660c33000 ---p 00000000 00:00 0 
7fb660c33000-7fb660d2f000 rw-p 00000000 00:00 0 
7fb660d2f000-7fb660d3d000 r--p 00000000 103:04 52320088                  /usr/lib/x86_64-linux-gnu/libfreetype.so.6.20.2
7fb660d3d000-7fb660dcb000 r-xp 0000e000 103:04 52320088                  /usr/lib/x86_64-linux-gnu/libfreetype.so.6.20.2
7fb660dcb000-7fb660df6000 r--p 0009c000 103:04 52320088                  /usr/lib/x86_64-linux-gnu/libfreetype.so.6.20.2
7fb660df6000-7fb660dfe000 r--p 000c6000 103:04 52320088                  /usr/lib/x86_64-linux-gnu/libfreetype.so.6.20.2
7fb660dfe000-7fb660dff000 rw-p 000ce000 103:04 52320088                  /usr/lib/x86_64-linux-gnu/libfreetype.so.6.20.2
7fb660dff000-7fb660e40000 r--p 00000000 103:04 52326362                  /usr/lib/x86_64-linux-gnu/libGLdispatch.so.0.0.0
7fb660e40000-7fb660e7f000 r-xp 00041000 103:04 52326362                  /usr/lib/x86_64-linux-gnu/libGLdispatch.so.0.0.0
7fb660e7f000-7fb660e93000 r--p 00080000 103:04 52326362                  /usr/lib/x86_64-linux-gnu/libGLdispatch.so.0.0.0
7fb660e93000-7fb660eaf000 r--p 00094000 103:04 52326362                  /usr/lib/x86_64-linux-gnu/libGLdispatch.so.0.0.0
7fb660eaf000-7fb660eb0000 rw-p 000b0000 103:04 52326362                  /usr/lib/x86_64-linux-gnu/libGLdispatch.so.0.0.0
7fb660eb0000-7fb660eb8000 rw-p 00000000 00:00 0 
7fb660eb8000-7fb660ed4000 r--p 00000000 103:04 52320843                  /usr/lib/x86_64-linux-gnu/libX11.so.6.4.0
7fb660ed4000-7fb660f64000 r-xp 0001c000 103:04 52320843                  /usr/lib/x86_64-linux-gnu/libX11.so.6.4.0
7fb660f64000-7fb660ffa000 r--p 000ac000 103:04 52320843                  /usr/lib/x86_64-linux-gnu/libX11.so.6.4.0
7fb660ffa000-7fb660ffb000 r--p 00142000 103:04 52320843                  /usr/lib/x86_64-linux-gnu/libX11.so.6.4.0
7fb660ffb000-7fb661000000 rw-p 00143000 103:04 52320843                  /usr/lib/x86_64-linux-gnu/libX11.so.6.4.0
7fb661000000-7fb66291a000 r-xp 00000000 103:04 103035818                 /home/rhomancer/.skiko/skiko-linux-x64-434f7633c843870c0839a1137b128f6c3db3c5d58dcad3545e90827e3e341afb/libskiko-linux-x64.so
7fb66291a000-7fb662952000 r--p 01919000 103:04 103035818                 /home/rhomancer/.skiko/skiko-linux-x64-434f7633c843870c0839a1137b128f6c3db3c5d58dcad3545e90827e3e341afb/libskiko-linux-x64.so
7fb662952000-7fb662955000 rw-p 01951000 103:04 103035818                 /home/rhomancer/.skiko/skiko-linux-x64-434f7633c843870c0839a1137b128f6c3db3c5d58dcad3545e90827e3e341afb/libskiko-linux-x64.so
7fb662955000-7fb66295e000 rw-p 00000000 00:00 0 
7fb66295e000-7fb662960000 r--s 00000000 103:04 181936020                 /var/cache/fontconfig/c3bb64600bf7a4aa73b55dc8bb82b27b-le64.cache-9
7fb662960000-7fb662962000 r--p 00000000 103:04 52326317                  /usr/lib/x86_64-linux-gnu/libXfixes.so.3.1.0
7fb662962000-7fb662965000 r-xp 00002000 103:04 52326317                  /usr/lib/x86_64-linux-gnu/libXfixes.so.3.1.0
7fb662965000-7fb662966000 r--p 00005000 103:04 52326317                  /usr/lib/x86_64-linux-gnu/libXfixes.so.3.1.0
7fb662966000-7fb662967000 r--p 00005000 103:04 52326317                  /usr/lib/x86_64-linux-gnu/libXfixes.so.3.1.0
7fb662967000-7fb662968000 rw-p 00006000 103:04 52326317                  /usr/lib/x86_64-linux-gnu/libXfixes.so.3.1.0
7fb662968000-7fb66296b000 r--p 00000000 103:04 52326324                  /usr/lib/x86_64-linux-gnu/libXcursor.so.1.0.2
7fb66296b000-7fb662971000 r-xp 00003000 103:04 52326324                  /usr/lib/x86_64-linux-gnu/libXcursor.so.1.0.2
7fb662971000-7fb662973000 r--p 00009000 103:04 52326324                  /usr/lib/x86_64-linux-gnu/libXcursor.so.1.0.2
7fb662973000-7fb662974000 r--p 0000a000 103:04 52326324                  /usr/lib/x86_64-linux-gnu/libXcursor.so.1.0.2
7fb662974000-7fb662975000 rw-p 0000b000 103:04 52326324                  /usr/lib/x86_64-linux-gnu/libXcursor.so.1.0.2
7fb662975000-7fb662978000 r--p 00000000 103:04 52326337                  /usr/lib/x86_64-linux-gnu/libXi.so.6.1.0
7fb662978000-7fb662984000 r-xp 00003000 103:04 52326337                  /usr/lib/x86_64-linux-gnu/libXi.so.6.1.0
7fb662984000-7fb662987000 r--p 0000f000 103:04 52326337                  /usr/lib/x86_64-linux-gnu/libXi.so.6.1.0
7fb662987000-7fb662988000 r--p 00011000 103:04 52326337                  /usr/lib/x86_64-linux-gnu/libXi.so.6.1.0
7fb662988000-7fb662989000 rw-p 00012000 103:04 52326337                  /usr/lib/x86_64-linux-gnu/libXi.so.6.1.0
7fb662989000-7fb66298d000 r--p 00000000 103:04 52320850                  /usr/lib/x86_64-linux-gnu/libXext.so.6.4.0
7fb66298d000-7fb662998000 r-xp 00004000 103:04 52320850                  /usr/lib/x86_64-linux-gnu/libXext.so.6.4.0
7fb662998000-7fb66299c000 r--p 0000f000 103:04 52320850                  /usr/lib/x86_64-linux-gnu/libXext.so.6.4.0
7fb66299c000-7fb66299d000 r--p 00012000 103:04 52320850                  /usr/lib/x86_64-linux-gnu/libXext.so.6.4.0
7fb66299d000-7fb66299e000 rw-p 00013000 103:04 52320850                  /usr/lib/x86_64-linux-gnu/libXext.so.6.4.0
7fb66299e000-7fb66299f000 r--p 00000000 103:04 52320076                  /usr/lib/x86_64-linux-gnu/libbrotlicommon.so.1.1.0
7fb66299f000-7fb6629a0000 r-xp 00001000 103:04 52320076                  /usr/lib/x86_64-linux-gnu/libbrotlicommon.so.1.1.0
7fb6629a0000-7fb6629bf000 r--p 00002000 103:04 52320076                  /usr/lib/x86_64-linux-gnu/libbrotlicommon.so.1.1.0
7fb6629bf000-7fb6629c0000 r--p 00021000 103:04 52320076                  /usr/lib/x86_64-linux-gnu/libbrotlicommon.so.1.1.0
7fb6629c0000-7fb6629c1000 rw-p 00022000 103:04 52320076                  /usr/lib/x86_64-linux-gnu/libbrotlicommon.so.1.1.0
7fb6629c1000-7fb6629c7000 r--p 00000000 103:04 52357741                  /usr/lib/x86_64-linux-gnu/libpng16.so.16.48.0
7fb6629c7000-7fb6629ed000 r-xp 00006000 103:04 52357741                  /usr/lib/x86_64-linux-gnu/libpng16.so.16.48.0
7fb6629ed000-7fb6629f8000 r--p 0002c000 103:04 52357741                  /usr/lib/x86_64-linux-gnu/libpng16.so.16.48.0
7fb6629f8000-7fb6629f9000 r--p 00037000 103:04 52357741                  /usr/lib/x86_64-linux-gnu/libpng16.so.16.48.0
7fb6629f9000-7fb6629fa000 rw-p 00038000 103:04 52357741                  /usr/lib/x86_64-linux-gnu/libpng16.so.16.48.0
7fb6629fa000-7fb6629fb000 ---p 00000000 00:00 0 
7fb6629fb000-7fb6629ff000 ---p 00000000 00:00 0 
7fb6629ff000-7fb662afb000 rw-p 00000000 00:00 0 
7fb662afb000-7fb662afc000 ---p 00000000 00:00 0 
7fb662afc000-7fb662b00000 ---p 00000000 00:00 0 
7fb662b00000-7fb662bfc000 rw-p 00000000 00:00 0 
7fb662bfc000-7fb662bfd000 ---p 00000000 00:00 0 
7fb662bfd000-7fb662c01000 ---p 00000000 00:00 0 
7fb662c01000-7fb662cfd000 rw-p 00000000 00:00 0 
7fb662cfd000-7fb662cfe000 ---p 00000000 00:00 0 
7fb662cfe000-7fb662d02000 ---p 00000000 00:00 0 
7fb662d02000-7fb662dfe000 rw-p 00000000 00:00 0 
7fb662dfe000-7fb662dff000 ---p 00000000 00:00 0 
7fb662dff000-7fb662e03000 ---p 00000000 00:00 0 
7fb662e03000-7fb662eff000 rw-p 00000000 00:00 0 
7fb662eff000-7fb662f00000 ---p 00000000 00:00 0 
7fb662f00000-7fb662f04000 ---p 00000000 00:00 0 
7fb662f04000-7fb663000000 rw-p 00000000 00:00 0 
7fb663000000-7fb663c9c000 rw-p 00001000 103:04 52857272                  /usr/lib/jvm/java-21-openjdk-amd64/lib/server/classes.jsa
7fb663c9c000-7fb664000000 ---p 00000000 00:00 0 
7fb664000000-7fb664040000 rw-p 00000000 00:00 0 
7fb664040000-7fb6640c0000 rw-p 00000000 00:00 0 
7fb6640c0000-7fb664100000 rw-p 00000000 00:00 0 
7fb664100000-7fb664140000 rw-p 00000000 00:00 0 
7fb664140000-7fb664180000 rw-p 00000000 00:00 0 
7fb664180000-7fb664340000 rw-p 00000000 00:00 0 
7fb664340000-7fb664380000 rw-p 00000000 00:00 0 
7fb664380000-7fb6643c0000 rw-p 00000000 00:00 0 
7fb6643c0000-7fb664400000 rw-p 00000000 00:00 0 
7fb664400000-7fb664480000 rw-p 00000000 00:00 0 
7fb664480000-7fb664540000 rw-p 00000000 00:00 0 
7fb664540000-7fb664580000 rw-p 00000000 00:00 0 
7fb664580000-7fb664760000 rw-p 00000000 00:00 0 
7fb664760000-7fb664770000 rw-p 00000000 00:00 0 
7fb664770000-7fb6a4000000 ---p 00000000 00:00 0 
7fb6a4000000-7fb6a4021000 rw-p 00000000 00:00 0 
7fb6a4021000-7fb6a8000000 ---p 00000000 00:00 0 
7fb6a8000000-7fb6a8021000 rw-p 00000000 00:00 0 
7fb6a8021000-7fb6ac000000 ---p 00000000 00:00 0 
7fb6ac000000-7fb6ac021000 rw-p 00000000 00:00 0 
7fb6ac021000-7fb6b0000000 ---p 00000000 00:00 0 
7fb6b0000000-7fb6b0021000 rw-p 00000000 00:00 0 
7fb6b0021000-7fb6b4000000 ---p 00000000 00:00 0 
7fb6b4000000-7fb6b405b000 rw-p 00000000 00:00 0 
7fb6b405b000-7fb6b8000000 ---p 00000000 00:00 0 
7fb6b8000000-7fb6b8002000 r--p 00000000 103:04 52302973                  /usr/lib/x86_64-linux-gnu/libgmodule-2.0.so.0.8400.4
7fb6b8002000-7fb6b8004000 r-xp 00002000 103:04 52302973                  /usr/lib/x86_64-linux-gnu/libgmodule-2.0.so.0.8400.4
7fb6b8004000-7fb6b8005000 r--p 00004000 103:04 52302973                  /usr/lib/x86_64-linux-gnu/libgmodule-2.0.so.0.8400.4
7fb6b8005000-7fb6b8006000 r--p 00004000 103:04 52302973                  /usr/lib/x86_64-linux-gnu/libgmodule-2.0.so.0.8400.4
7fb6b8006000-7fb6b8007000 rw-p 00005000 103:04 52302973                  /usr/lib/x86_64-linux-gnu/libgmodule-2.0.so.0.8400.4
7fb6b8007000-7fb6b8008000 r--p 00000000 103:04 52320077                  /usr/lib/x86_64-linux-gnu/libbrotlidec.so.1.1.0
7fb6b8008000-7fb6b8010000 r-xp 00001000 103:04 52320077                  /usr/lib/x86_64-linux-gnu/libbrotlidec.so.1.1.0
7fb6b8010000-7fb6b8013000 r--p 00009000 103:04 52320077                  /usr/lib/x86_64-linux-gnu/libbrotlidec.so.1.1.0
7fb6b8013000-7fb6b8014000 r--p 0000b000 103:04 52320077                  /usr/lib/x86_64-linux-gnu/libbrotlidec.so.1.1.0
7fb6b8014000-7fb6b8015000 rw-p 0000c000 103:04 52320077                  /usr/lib/x86_64-linux-gnu/libbrotlidec.so.1.1.0
7fb6b8015000-7fb6b8017000 r--p 00000000 103:04 52298065                  /usr/lib/x86_64-linux-gnu/libbz2.so.1.0.4
7fb6b8017000-7fb6b8024000 r-xp 00002000 103:04 52298065                  /usr/lib/x86_64-linux-gnu/libbz2.so.1.0.4
7fb6b8024000-7fb6b8026000 r--p 0000f000 103:04 52298065                  /usr/lib/x86_64-linux-gnu/libbz2.so.1.0.4
7fb6b8026000-7fb6b8027000 r--p 00010000 103:04 52298065                  /usr/lib/x86_64-linux-gnu/libbz2.so.1.0.4
7fb6b8027000-7fb6b8028000 rw-p 00011000 103:04 52298065                  /usr/lib/x86_64-linux-gnu/libbz2.so.1.0.4
7fb6b8028000-7fb6b802d000 r--p 00000000 103:04 52857255                  /usr/lib/jvm/java-21-openjdk-amd64/lib/libjsvml.so
7fb6b802d000-7fb6b806e000 r-xp 00005000 103:04 52857255                  /usr/lib/jvm/java-21-openjdk-amd64/lib/libjsvml.so
7fb6b806e000-7fb6b80f7000 r--p 00046000 103:04 52857255                  /usr/lib/jvm/java-21-openjdk-amd64/lib/libjsvml.so
7fb6b80f7000-7fb6b80f8000 r--p 000ce000 103:04 52857255                  /usr/lib/jvm/java-21-openjdk-amd64/lib/libjsvml.so
7fb6b80f8000-7fb6b80f9000 rw-p 000cf000 103:04 52857255                  /usr/lib/jvm/java-21-openjdk-amd64/lib/libjsvml.so
7fb6b80f9000-7fb6b80fa000 ---p 00000000 00:00 0 
7fb6b80fa000-7fb6b80fe000 ---p 00000000 00:00 0 
7fb6b80fe000-7fb6b81fa000 rw-p 00000000 00:00 0 
7fb6b81fa000-7fb6b81fb000 ---p 00000000 00:00 0 
7fb6b81fb000-7fb6b81ff000 ---p 00000000 00:00 0 
7fb6b81ff000-7fb6b82fb000 rw-p 00000000 00:00 0 
7fb6b82fb000-7fb6b82fc000 ---p 00000000 00:00 0 
7fb6b82fc000-7fb6b8300000 ---p 00000000 00:00 0 
7fb6b8300000-7fb6b83fc000 rw-p 00000000 00:00 0 
7fb6b83fc000-7fb6b83fd000 ---p 00000000 00:00 0 
7fb6b83fd000-7fb6b8401000 ---p 00000000 00:00 0 
7fb6b8401000-7fb6b84fd000 rw-p 00000000 00:00 0 
7fb6b84fd000-7fb6b84fe000 ---p 00000000 00:00 0 
7fb6b84fe000-7fb6b8502000 ---p 00000000 00:00 0 
7fb6b8502000-7fb6b85fe000 rw-p 00000000 00:00 0 
7fb6b85fe000-7fb6b85ff000 ---p 00000000 00:00 0 
7fb6b85ff000-7fb6b8603000 ---p 00000000 00:00 0 
7fb6b8603000-7fb6b86ff000 rw-p 00000000 00:00 0 
7fb6b86ff000-7fb6b8700000 ---p 00000000 00:00 0 
7fb6b8700000-7fb6b8704000 ---p 00000000 00:00 0 
7fb6b8704000-7fb6b8800000 rw-p 00000000 00:00 0 
7fb6b8800000-7fb6b8a78000 r--p 00000000 103:04 52691444                  /usr/lib/locale/aa_DJ.utf8/LC_COLLATE
7fb6b8a78000-7fb6b8a79000 r--s 00000000 103:04 181929671                 /var/cache/fontconfig/da43223dd54fb3bb4243ae19d4b583b2-le64.cache-9
7fb6b8a79000-7fb6b8a7a000 r--p 00000000 103:04 52326312                  /usr/lib/x86_64-linux-gnu/libwayland-egl.so.1.23.1
7fb6b8a7a000-7fb6b8a7b000 r-xp 00001000 103:04 52326312                  /usr/lib/x86_64-linux-gnu/libwayland-egl.so.1.23.1
7fb6b8a7b000-7fb6b8a7c000 r--p 00002000 103:04 52326312                  /usr/lib/x86_64-linux-gnu/libwayland-egl.so.1.23.1
7fb6b8a7c000-7fb6b8a7d000 r--p 00002000 103:04 52326312                  /usr/lib/x86_64-linux-gnu/libwayland-egl.so.1.23.1
7fb6b8a7d000-7fb6b8a7e000 rw-p 00003000 103:04 52326312                  /usr/lib/x86_64-linux-gnu/libwayland-egl.so.1.23.1
7fb6b8a7e000-7fb6b8a7f000 r--p 00000000 103:04 52326343                  /usr/lib/x86_64-linux-gnu/libXinerama.so.1.0.0
7fb6b8a7f000-7fb6b8a80000 r-xp 00001000 103:04 52326343                  /usr/lib/x86_64-linux-gnu/libXinerama.so.1.0.0
7fb6b8a80000-7fb6b8a81000 r--p 00002000 103:04 52326343                  /usr/lib/x86_64-linux-gnu/libXinerama.so.1.0.0
7fb6b8a81000-7fb6b8a82000 r--p 00002000 103:04 52326343                  /usr/lib/x86_64-linux-gnu/libXinerama.so.1.0.0
7fb6b8a82000-7fb6b8a83000 rw-p 00003000 103:04 52326343                  /usr/lib/x86_64-linux-gnu/libXinerama.so.1.0.0
7fb6b8a83000-7fb6b8a87000 r--p 00000000 103:04 52306292                  /usr/lib/x86_64-linux-gnu/libexpat.so.1.12.2
7fb6b8a87000-7fb6b8aa5000 r-xp 00004000 103:04 52306292                  /usr/lib/x86_64-linux-gnu/libexpat.so.1.12.2
7fb6b8aa5000-7fb6b8aae000 r--p 00022000 103:04 52306292                  /usr/lib/x86_64-linux-gnu/libexpat.so.1.12.2
7fb6b8aae000-7fb6b8ab0000 r--p 0002b000 103:04 52306292                  /usr/lib/x86_64-linux-gnu/libexpat.so.1.12.2
7fb6b8ab0000-7fb6b8ab1000 rw-p 0002d000 103:04 52306292                  /usr/lib/x86_64-linux-gnu/libexpat.so.1.12.2
7fb6b8ab1000-7fb6b8ab9000 r--p 00000000 103:04 52320483                  /usr/lib/x86_64-linux-gnu/libfontconfig.so.1.12.1
7fb6b8ab9000-7fb6b8ae3000 r-xp 00008000 103:04 52320483                  /usr/lib/x86_64-linux-gnu/libfontconfig.so.1.12.1
7fb6b8ae3000-7fb6b8afc000 r--p 00032000 103:04 52320483                  /usr/lib/x86_64-linux-gnu/libfontconfig.so.1.12.1
7fb6b8afc000-7fb6b8afe000 r--p 0004b000 103:04 52320483                  /usr/lib/x86_64-linux-gnu/libfontconfig.so.1.12.1
7fb6b8afe000-7fb6b8aff000 rw-p 0004d000 103:04 52320483                  /usr/lib/x86_64-linux-gnu/libfontconfig.so.1.12.1
7fb6b8aff000-7fb6b8b00000 ---p 00000000 00:00 0 
7fb6b8b00000-7fb6b8c00000 rw-p 00000000 00:00 0 
7fb6b8c00000-7fb6bac00000 rw-p 00000000 00:00 0 
7fb6bac00000-7fb6bac01000 r--s 00000000 103:04 181936009                 /var/cache/fontconfig/3f7329c5293ffd510edef78f73874cfd-le64.cache-9
7fb6bac01000-7fb6bac02000 r--s 00000000 103:04 181935996                 /var/cache/fontconfig/30829fa25452a46451e813d634d7f916-le64.cache-9
7fb6bac02000-7fb6bac03000 rw-p 00000000 00:00 0 
7fb6bac03000-7fb6bac04000 rw-p 00000000 00:00 0 
7fb6bac04000-7fb6bac47000 r--p 00000000 103:04 52337790                  /usr/lib/x86_64-linux-gnu/libGL.so.1.7.0
7fb6bac47000-7fb6bac66000 r-xp 00043000 103:04 52337790                  /usr/lib/x86_64-linux-gnu/libGL.so.1.7.0
7fb6bac66000-7fb6bac7b000 r--p 00062000 103:04 52337790                  /usr/lib/x86_64-linux-gnu/libGL.so.1.7.0
7fb6bac7b000-7fb6bac89000 r--p 00076000 103:04 52337790                  /usr/lib/x86_64-linux-gnu/libGL.so.1.7.0
7fb6bac89000-7fb6bac8a000 rw-p 00084000 103:04 52337790                  /usr/lib/x86_64-linux-gnu/libGL.so.1.7.0
7fb6bac8a000-7fb6bac8b000 rw-p 00000000 00:00 0 
7fb6bac8b000-7fb6bac8d000 r--p 00000000 103:04 52323884                  /usr/lib/x86_64-linux-gnu/libXrender.so.1.3.0
7fb6bac8d000-7fb6bac94000 r-xp 00002000 103:04 52323884                  /usr/lib/x86_64-linux-gnu/libXrender.so.1.3.0
7fb6bac94000-7fb6bac96000 r--p 00009000 103:04 52323884                  /usr/lib/x86_64-linux-gnu/libXrender.so.1.3.0
7fb6bac96000-7fb6bac97000 r--p 0000a000 103:04 52323884                  /usr/lib/x86_64-linux-gnu/libXrender.so.1.3.0
7fb6bac97000-7fb6bac98000 rw-p 0000b000 103:04 52323884                  /usr/lib/x86_64-linux-gnu/libXrender.so.1.3.0
7fb6bac98000-7fb6baca4000 r--p 00000000 103:04 52320577                  /usr/lib/x86_64-linux-gnu/libxcb.so.1.1.0
7fb6baca4000-7fb6bacb8000 r-xp 0000c000 103:04 52320577                  /usr/lib/x86_64-linux-gnu/libxcb.so.1.1.0
7fb6bacb8000-7fb6bacc1000 r--p 00020000 103:04 52320577                  /usr/lib/x86_64-linux-gnu/libxcb.so.1.1.0
7fb6bacc1000-7fb6bacc2000 r--p 00028000 103:04 52320577                  /usr/lib/x86_64-linux-gnu/libxcb.so.1.1.0
7fb6bacc2000-7fb6bacc3000 rw-p 00029000 103:04 52320577                  /usr/lib/x86_64-linux-gnu/libxcb.so.1.1.0
7fb6bacc3000-7fb6bacc4000 ---p 00000000 00:00 0 
7fb6bacc4000-7fb6badc4000 rw-p 00000000 00:00 0 
7fb6badc4000-7fb6bb004000 rw-p 00000000 00:00 0 
7fb6bb004000-7fb6bb0e4000 ---p 00000000 00:00 0 
7fb6bb0e4000-7fb6bb124000 rw-p 00000000 00:00 0 
7fb6bb124000-7fb6ca8a4000 ---p 00000000 00:00 0 
7fb6ca8a4000-7fb6ca8ec000 rw-p 00000000 00:00 0 
7fb6ca8ec000-7fb6ca908000 ---p 00000000 00:00 0 
7fb6ca908000-7fb6ca910000 rw-p 00000000 00:00 0 
7fb6ca910000-7fb6cc800000 ---p 00000000 00:00 0 
7fb6cc800000-7fb6ce620000 rwxp 00000000 00:00 0 
7fb6ce620000-7fb6d3c5f000 ---p 00000000 00:00 0 
7fb6d3c5f000-7fb6d41cf000 rwxp 00000000 00:00 0 
7fb6d41cf000-7fb6d43a0000 ---p 00000000 00:00 0 
7fb6d43a0000-7fb6d55b0000 rwxp 00000000 00:00 0 
7fb6d55b0000-7fb6db800000 ---p 00000000 00:00 0 
7fb6db800000-7fb6e3e54000 r--s 00000000 103:04 52857271                  /usr/lib/jvm/java-21-openjdk-amd64/lib/modules
7fb6e3e54000-7fb6e3e57000 r--p 00000000 103:04 52326782                  /usr/share/locale/en_GB/LC_MESSAGES/at-spi2-core.mo
7fb6e3e57000-7fb6e3e59000 r--p 00000000 103:04 52319843                  /usr/lib/x86_64-linux-gnu/libatomic.so.1.2.0
7fb6e3e59000-7fb6e3e5c000 r-xp 00002000 103:04 52319843                  /usr/lib/x86_64-linux-gnu/libatomic.so.1.2.0
7fb6e3e5c000-7fb6e3e5e000 r--p 00005000 103:04 52319843                  /usr/lib/x86_64-linux-gnu/libatomic.so.1.2.0
7fb6e3e5e000-7fb6e3e5f000 r--p 00006000 103:04 52319843                  /usr/lib/x86_64-linux-gnu/libatomic.so.1.2.0
7fb6e3e5f000-7fb6e3e60000 rw-p 00007000 103:04 52319843                  /usr/lib/x86_64-linux-gnu/libatomic.so.1.2.0
7fb6e3e60000-7fb6e3e61000 rw-p 00000000 00:00 0 
7fb6e3e61000-7fb6e3e64000 r--p 00000000 103:04 52857242                  /usr/lib/jvm/java-21-openjdk-amd64/lib/libfontmanager.so
7fb6e3e64000-7fb6e3e6d000 r-xp 00003000 103:04 52857242                  /usr/lib/jvm/java-21-openjdk-amd64/lib/libfontmanager.so
7fb6e3e6d000-7fb6e3e6f000 r--p 0000c000 103:04 52857242                  /usr/lib/jvm/java-21-openjdk-amd64/lib/libfontmanager.so
7fb6e3e6f000-7fb6e3e70000 r--p 0000d000 103:04 52857242                  /usr/lib/jvm/java-21-openjdk-amd64/lib/libfontmanager.so
7fb6e3e70000-7fb6e3e71000 rw-p 0000e000 103:04 52857242                  /usr/lib/jvm/java-21-openjdk-amd64/lib/libfontmanager.so
7fb6e3e71000-7fb6e3e74000 r--p 00000000 103:04 52337788                  /usr/lib/x86_64-linux-gnu/libGLX.so.0.0.0
7fb6e3e74000-7fb6e3e8f000 r-xp 00003000 103:04 52337788                  /usr/lib/x86_64-linux-gnu/libGLX.so.0.0.0
7fb6e3e8f000-7fb6e3e93000 r--p 0001e000 103:04 52337788                  /usr/lib/x86_64-linux-gnu/libGLX.so.0.0.0
7fb6e3e93000-7fb6e3e94000 r--p 00021000 103:04 52337788                  /usr/lib/x86_64-linux-gnu/libGLX.so.0.0.0
7fb6e3e94000-7fb6e3e95000 rw-p 00022000 103:04 52337788                  /usr/lib/x86_64-linux-gnu/libGLX.so.0.0.0
7fb6e3e95000-7fb6e3ea5000 rw-p 00000000 00:00 0 
7fb6e3ea5000-7fb6e3eff000 r--p 00000000 103:04 52691445                  /usr/lib/locale/aa_DJ.utf8/LC_CTYPE
7fb6e3eff000-7fb6e3f00000 ---p 00000000 00:00 0 
7fb6e3f00000-7fb6e4000000 rw-p 00000000 00:00 0 
7fb6e4000000-7fb6e4aeb000 rw-p 00000000 00:00 0 
7fb6e4aeb000-7fb6e8000000 ---p 00000000 00:00 0 
7fb6e8000000-7fb6e8002000 r--p 00000000 103:04 52320571                  /usr/lib/x86_64-linux-gnu/libXdmcp.so.6.0.0
7fb6e8002000-7fb6e8004000 r-xp 00002000 103:04 52320571                  /usr/lib/x86_64-linux-gnu/libXdmcp.so.6.0.0
7fb6e8004000-7fb6e8006000 r--p 00004000 103:04 52320571                  /usr/lib/x86_64-linux-gnu/libXdmcp.so.6.0.0
7fb6e8006000-7fb6e8007000 r--p 00005000 103:04 52320571                  /usr/lib/x86_64-linux-gnu/libXdmcp.so.6.0.0
7fb6e8007000-7fb6e8008000 rw-p 00006000 103:04 52320571                  /usr/lib/x86_64-linux-gnu/libXdmcp.so.6.0.0
7fb6e8008000-7fb6e8009000 r--p 00000000 103:04 52320565                  /usr/lib/x86_64-linux-gnu/libXau.so.6.0.0
7fb6e8009000-7fb6e800a000 r-xp 00001000 103:04 52320565                  /usr/lib/x86_64-linux-gnu/libXau.so.6.0.0
7fb6e800a000-7fb6e800b000 r--p 00002000 103:04 52320565                  /usr/lib/x86_64-linux-gnu/libXau.so.6.0.0
7fb6e800b000-7fb6e800c000 r--p 00002000 103:04 52320565                  /usr/lib/x86_64-linux-gnu/libXau.so.6.0.0
7fb6e800c000-7fb6e800d000 rw-p 00003000 103:04 52320565                  /usr/lib/x86_64-linux-gnu/libXau.so.6.0.0
7fb6e800d000-7fb6e800f000 r--p 00000000 103:04 52857270                  /usr/lib/jvm/java-21-openjdk-amd64/lib/libzip.so
7fb6e800f000-7fb6e8013000 r-xp 00002000 103:04 52857270                  /usr/lib/jvm/java-21-openjdk-amd64/lib/libzip.so
7fb6e8013000-7fb6e8015000 r--p 00006000 103:04 52857270                  /usr/lib/jvm/java-21-openjdk-amd64/lib/libzip.so
7fb6e8015000-7fb6e8016000 r--p 00007000 103:04 52857270                  /usr/lib/jvm/java-21-openjdk-amd64/lib/libzip.so
7fb6e8016000-7fb6e8017000 rw-p 00008000 103:04 52857270                  /usr/lib/jvm/java-21-openjdk-amd64/lib/libzip.so
7fb6e8017000-7fb6e80f3000 rw-p 00000000 00:00 0 
7fb6e80f3000-7fb6e80f4000 ---p 00000000 00:00 0 
7fb6e80f4000-7fb6e81f4000 rw-p 00000000 00:00 0 
7fb6e81f4000-7fb6e8f01000 rw-p 00000000 00:00 0 
7fb6e8f01000-7fb6e8f02000 ---p 00000000 00:00 0 
7fb6e8f02000-7fb6e9002000 rw-p 00000000 00:00 0 
7fb6e9002000-7fb6e9003000 ---p 00000000 00:00 0 
7fb6e9003000-7fb6e9103000 rw-p 00000000 00:00 0 
7fb6e9103000-7fb6e9104000 ---p 00000000 00:00 0 
7fb6e9104000-7fb6e9204000 rw-p 00000000 00:00 0 
7fb6e9204000-7fb6e930d000 rw-p 00000000 00:00 0 
7fb6e930d000-7fb6e9329000 ---p 00000000 00:00 0 
7fb6e9329000-7fb6e9331000 rw-p 00000000 00:00 0 
7fb6e9331000-7fb6eb221000 ---p 00000000 00:00 0 
7fb6eb221000-7fb6ebf53000 rw-p 00000000 00:00 0 
7fb6ebf53000-7fb6ec017000 ---p 00000000 00:00 0 
7fb6ec017000-7fb6ec054000 rw-p 00000000 00:00 0 
7fb6ec054000-7fb6ec100000 ---p 00000000 00:00 0 
7fb6ec100000-7fb6ec104000 ---p 00000000 00:00 0 
7fb6ec104000-7fb6ec200000 rw-p 00000000 00:00 0 
7fb6ec200000-7fb6ec29d000 r--p 00000000 103:04 52298096                  /usr/lib/x86_64-linux-gnu/libstdc++.so.6.0.33
7fb6ec29d000-7fb6ec3c6000 r-xp 0009d000 103:04 52298096                  /usr/lib/x86_64-linux-gnu/libstdc++.so.6.0.33
7fb6ec3c6000-7fb6ec454000 r--p 001c6000 103:04 52298096                  /usr/lib/x86_64-linux-gnu/libstdc++.so.6.0.33
7fb6ec454000-7fb6ec45f000 r--p 00254000 103:04 52298096                  /usr/lib/x86_64-linux-gnu/libstdc++.so.6.0.33
7fb6ec45f000-7fb6ec462000 rw-p 0025f000 103:04 52298096                  /usr/lib/x86_64-linux-gnu/libstdc++.so.6.0.33
7fb6ec462000-7fb6ec466000 rw-p 00000000 00:00 0 
7fb6ec466000-7fb6ec468000 r--p 00000000 103:04 52857262                  /usr/lib/jvm/java-21-openjdk-amd64/lib/libnet.so
7fb6ec468000-7fb6ec46f000 r-xp 00002000 103:04 52857262                  /usr/lib/jvm/java-21-openjdk-amd64/lib/libnet.so
7fb6ec46f000-7fb6ec471000 r--p 00009000 103:04 52857262                  /usr/lib/jvm/java-21-openjdk-amd64/lib/libnet.so
7fb6ec471000-7fb6ec472000 r--p 0000a000 103:04 52857262                  /usr/lib/jvm/java-21-openjdk-amd64/lib/libnet.so
7fb6ec472000-7fb6ec473000 rw-p 0000b000 103:04 52857262                  /usr/lib/jvm/java-21-openjdk-amd64/lib/libnet.so
7fb6ec473000-7fb6ec47a000 r--p 00000000 103:04 52857263                  /usr/lib/jvm/java-21-openjdk-amd64/lib/libnio.so
7fb6ec47a000-7fb6ec483000 r-xp 00007000 103:04 52857263                  /usr/lib/jvm/java-21-openjdk-amd64/lib/libnio.so
7fb6ec483000-7fb6ec487000 r--p 00010000 103:04 52857263                  /usr/lib/jvm/java-21-openjdk-amd64/lib/libnio.so
7fb6ec487000-7fb6ec488000 r--p 00014000 103:04 52857263                  /usr/lib/jvm/java-21-openjdk-amd64/lib/libnio.so
7fb6ec488000-7fb6ec489000 rw-p 00015000 103:04 52857263                  /usr/lib/jvm/java-21-openjdk-amd64/lib/libnio.so
7fb6ec489000-7fb6ec490000 r--s 00000000 103:04 52357314                  /usr/lib/x86_64-linux-gnu/gconv/gconv-modules.cache
7fb6ec490000-7fb6ec510000 rw-p 00000000 00:00 0 
7fb6ec510000-7fb6ec521000 r--p 00000000 103:04 52359163                  /usr/lib/x86_64-linux-gnu/libm.so.6
7fb6ec521000-7fb6ec59e000 r-xp 00011000 103:04 52359163                  /usr/lib/x86_64-linux-gnu/libm.so.6
7fb6ec59e000-7fb6ec5fe000 r--p 0008e000 103:04 52359163                  /usr/lib/x86_64-linux-gnu/libm.so.6
7fb6ec5fe000-7fb6ec5ff000 r--p 000ed000 103:04 52359163                  /usr/lib/x86_64-linux-gnu/libm.so.6
7fb6ec5ff000-7fb6ec600000 rw-p 000ee000 103:04 52359163                  /usr/lib/x86_64-linux-gnu/libm.so.6
7fb6ec600000-7fb6ec8a9000 r--p 00000000 103:04 52857275                  /usr/lib/jvm/java-21-openjdk-amd64/lib/server/libjvm.so
7fb6ec8a9000-7fb6ed77a000 r-xp 002a9000 103:04 52857275                  /usr/lib/jvm/java-21-openjdk-amd64/lib/server/libjvm.so
7fb6ed77a000-7fb6eda54000 r--p 0117a000 103:04 52857275                  /usr/lib/jvm/java-21-openjdk-amd64/lib/server/libjvm.so
7fb6eda54000-7fb6edb2a000 r--p 01453000 103:04 52857275                  /usr/lib/jvm/java-21-openjdk-amd64/lib/server/libjvm.so
7fb6edb2a000-7fb6edb5a000 rw-p 01529000 103:04 52857275                  /usr/lib/jvm/java-21-openjdk-amd64/lib/server/libjvm.so
7fb6edb5a000-7fb6edbc0000 rw-p 00000000 00:00 0 
7fb6edbc0000-7fb6edbc1000 r--p 00000000 103:04 52301478                  /usr/share/locale/en_GB/LC_MESSAGES/libc.mo
7fb6edbc1000-7fb6edbc2000 r--p 00000000 103:04 52691464                  /usr/lib/locale/aa_ET/LC_NUMERIC
7fb6edbc2000-7fb6edbc3000 r--p 00000000 103:04 52693625                  /usr/lib/locale/en_GB.utf8/LC_TIME
7fb6edbc3000-7fb6edbc4000 r--p 00000000 103:04 52692027                  /usr/lib/locale/cy_GB.utf8/LC_MONETARY
7fb6edbc4000-7fb6edc4d000 rw-p 00000000 00:00 0 
7fb6edc4d000-7fb6edc51000 ---p 00000000 00:00 0 
7fb6edc51000-7fb6edc5e000 r--p 00000000 103:04 52857248                  /usr/lib/jvm/java-21-openjdk-amd64/lib/libjava.so
7fb6edc5e000-7fb6edc6c000 r-xp 0000d000 103:04 52857248                  /usr/lib/jvm/java-21-openjdk-amd64/lib/libjava.so
7fb6edc6c000-7fb6edc71000 r--p 0001b000 103:04 52857248                  /usr/lib/jvm/java-21-openjdk-amd64/lib/libjava.so
7fb6edc71000-7fb6edc72000 r--p 00020000 103:04 52857248                  /usr/lib/jvm/java-21-openjdk-amd64/lib/libjava.so
7fb6edc72000-7fb6edc73000 rw-p 00021000 103:04 52857248                  /usr/lib/jvm/java-21-openjdk-amd64/lib/libjava.so
7fb6edc73000-7fb6edc74000 rw-p 00000000 00:00 0 
7fb6edc74000-7fb6edc78000 r--p 00000000 103:04 52297733                  /usr/lib/x86_64-linux-gnu/libgcc_s.so.1
7fb6edc78000-7fb6edc9b000 r-xp 00004000 103:04 52297733                  /usr/lib/x86_64-linux-gnu/libgcc_s.so.1
7fb6edc9b000-7fb6edc9f000 r--p 00027000 103:04 52297733                  /usr/lib/x86_64-linux-gnu/libgcc_s.so.1
7fb6edc9f000-7fb6edca0000 r--p 0002b000 103:04 52297733                  /usr/lib/x86_64-linux-gnu/libgcc_s.so.1
7fb6edca0000-7fb6edca1000 rw-p 0002c000 103:04 52297733                  /usr/lib/x86_64-linux-gnu/libgcc_s.so.1
7fb6edca1000-7fb6edca3000 rw-p 00000000 00:00 0 
7fb6edca3000-7fb6edccb000 r--p 00000000 103:04 52359157                  /usr/lib/x86_64-linux-gnu/libc.so.6
7fb6edccb000-7fb6ede2e000 r-xp 00028000 103:04 52359157                  /usr/lib/x86_64-linux-gnu/libc.so.6
7fb6ede2e000-7fb6ede84000 r--p 0018b000 103:04 52359157                  /usr/lib/x86_64-linux-gnu/libc.so.6
7fb6ede84000-7fb6ede88000 r--p 001e0000 103:04 52359157                  /usr/lib/x86_64-linux-gnu/libc.so.6
7fb6ede88000-7fb6ede8a000 rw-p 001e4000 103:04 52359157                  /usr/lib/x86_64-linux-gnu/libc.so.6
7fb6ede8a000-7fb6ede97000 rw-p 00000000 00:00 0 
7fb6ede97000-7fb6ede99000 r--p 00000000 103:04 52857252                  /usr/lib/jvm/java-21-openjdk-amd64/lib/libjli.so
7fb6ede99000-7fb6edea3000 r-xp 00002000 103:04 52857252                  /usr/lib/jvm/java-21-openjdk-amd64/lib/libjli.so
7fb6edea3000-7fb6edea6000 r--p 0000c000 103:04 52857252                  /usr/lib/jvm/java-21-openjdk-amd64/lib/libjli.so
7fb6edea6000-7fb6edea7000 r--p 0000f000 103:04 52857252                  /usr/lib/jvm/java-21-openjdk-amd64/lib/libjli.so
7fb6edea7000-7fb6edea8000 rw-p 00010000 103:04 52857252                  /usr/lib/jvm/java-21-openjdk-amd64/lib/libjli.so
7fb6edea8000-7fb6edeab000 r--p 00000000 103:04 52300008                  /usr/lib/x86_64-linux-gnu/libz.so.1.3.1
7fb6edeab000-7fb6edebf000 r-xp 00003000 103:04 52300008                  /usr/lib/x86_64-linux-gnu/libz.so.1.3.1
7fb6edebf000-7fb6edec6000 r--p 00017000 103:04 52300008                  /usr/lib/x86_64-linux-gnu/libz.so.1.3.1
7fb6edec6000-7fb6edec7000 r--p 0001d000 103:04 52300008                  /usr/lib/x86_64-linux-gnu/libz.so.1.3.1
7fb6edec7000-7fb6edec8000 rw-p 0001e000 103:04 52300008                  /usr/lib/x86_64-linux-gnu/libz.so.1.3.1
7fb6edec8000-7fb6edec9000 r--p 00000000 103:04 52692192                  /usr/lib/locale/en_AG/LC_MESSAGES/SYS_LC_MESSAGES
7fb6edec9000-7fb6edeca000 r--p 00000000 103:04 52691452                  /usr/lib/locale/aa_DJ.utf8/LC_PAPER
7fb6edeca000-7fb6edecb000 r--p 00000000 103:04 52691819                  /usr/lib/locale/bi_VU/LC_NAME
7fb6edecb000-7fb6edecc000 r--p 00000000 103:04 52693623                  /usr/lib/locale/en_GB.utf8/LC_ADDRESS
7fb6edecc000-7fb6edecd000 r--p 00000000 103:04 52692028                  /usr/lib/locale/cy_GB.utf8/LC_TELEPHONE
7fb6edecd000-7fb6edece000 r--p 00000000 103:04 52691447                  /usr/lib/locale/aa_DJ.utf8/LC_MEASUREMENT
7fb6edece000-7fb6edecf000 r--p 00000000 103:04 52693624                  /usr/lib/locale/en_GB.utf8/LC_IDENTIFICATION
7fb6edecf000-7fb6eded7000 rw-s 00000000 00:25 1946233                    /tmp/hsperfdata_rhomancer/1292924
7fb6eded7000-7fb6eded8000 ---p 00000000 00:00 0 
7fb6eded8000-7fb6eded9000 r--p 00000000 00:00 0 
7fb6eded9000-7fb6ededa000 ---p 00000000 00:00 0 
7fb6ededa000-7fb6ededc000 r--p 00000000 103:04 52857251                  /usr/lib/jvm/java-21-openjdk-amd64/lib/libjimage.so
7fb6ededc000-7fb6ededf000 r-xp 00002000 103:04 52857251                  /usr/lib/jvm/java-21-openjdk-amd64/lib/libjimage.so
7fb6ededf000-7fb6edee0000 r--p 00005000 103:04 52857251                  /usr/lib/jvm/java-21-openjdk-amd64/lib/libjimage.so
7fb6edee0000-7fb6edee1000 r--p 00006000 103:04 52857251                  /usr/lib/jvm/java-21-openjdk-amd64/lib/libjimage.so
7fb6edee1000-7fb6edee2000 rw-p 00007000 103:04 52857251                  /usr/lib/jvm/java-21-openjdk-amd64/lib/libjimage.so
7fb6edee2000-7fb6edee4000 rw-p 00000000 00:00 0 
7fb6edee4000-7fb6edee8000 r--p 00000000 00:00 0                          [vvar]
7fb6edee8000-7fb6edeea000 r-xp 00000000 00:00 0                          [vdso]
7fb6edeea000-7fb6edeeb000 r--p 00000000 103:04 52357330                  /usr/lib/x86_64-linux-gnu/ld-linux-x86-64.so.2
7fb6edeeb000-7fb6edf13000 r-xp 00001000 103:04 52357330                  /usr/lib/x86_64-linux-gnu/ld-linux-x86-64.so.2
7fb6edf13000-7fb6edf1e000 r--p 00029000 103:04 52357330                  /usr/lib/x86_64-linux-gnu/ld-linux-x86-64.so.2
7fb6edf1e000-7fb6edf20000 r--p 00034000 103:04 52357330                  /usr/lib/x86_64-linux-gnu/ld-linux-x86-64.so.2
7fb6edf20000-7fb6edf21000 rw-p 00036000 103:04 52357330                  /usr/lib/x86_64-linux-gnu/ld-linux-x86-64.so.2
7fb6edf21000-7fb6edf22000 rw-p 00000000 00:00 0 
7ffd399c1000-7ffd399e7000 rw-p 00000000 00:00 0                          [stack]
Total number of mappings: 1305

JVMTI agents: none


VM Arguments:
jvm_args: -Dcompose.application.configure.swing.globals=true -Dcompose.application.resources.dir=/tmp/fix40/composeApp/build/compose/tmp/prepareAppResources -Dfile.encoding=UTF-8 -Duser.country=GB -Duser.language=en -Duser.variant 
java_command: com.angussoftware.fueldashboard.MainKt
java_class_path (initial): /tmp/fix40/composeApp/build/libs/composeApp-desktop-0.1.0.jar:/home/rhomancer/.gradle/caches/modules-2/files-2.1/app.cash.sqldelight/sqlite-driver/2.0.2/5b378d7ffc90e13f5348aa59a958b08bc45aaaed/sqlite-driver-2.0.2.jar:/home/rhomancer/.gradle/caches/modules-2/files-2.1/app.cash.sqldelight/jdbc-driver/2.0.2/6cede3d29bb08b214e2daa1455c9e34842df075c/jdbc-driver-2.0.2.jar:/home/rhomancer/.gradle/caches/modules-2/files-2.1/io.ktor/ktor-client-content-negotiation-jvm/3.4.3/18a80220c40429a888d0ae152846b58bf01f3713/ktor-client-content-negotiation-jvm-3.4.3.jar:/home/rhomancer/.gradle/caches/modules-2/files-2.1/io.ktor/ktor-client-cio-jvm/3.4.3/a0b5df3c0913f2fc20f90bf6bd85c47aab6021ad/ktor-client-cio-jvm-3.4.3.jar:/home/rhomancer/.gradle/caches/modules-2/files-2.1/com.agentclientprotocol/acp-ktor-client-jvm/0.24.0/87887dd7f242e1c152a1e9bd0b704455b6b71de7/acp-ktor-client-jvm-0.24.0.jar:/home/rhomancer/.gradle/caches/modules-2/files-2.1/com.agentclientprotocol/acp-ktor-jvm/0.24.0/e7293c2f2eae97d08925c5e0b5efca7bac136b2b/acp-ktor-jvm-0.24.0.jar:/home/rhomancer/.gradle/caches/modules-2/files-2.1/io.ktor/ktor-client-websockets-jvm/3.1.3/e859c11aef5e273541c104df9c1c3b668ff5f240/ktor-client-websockets-jvm-3.1.3.jar:/home/rhomancer/.gradle/caches/modules-2/files-2.1/io.ktor/ktor-client-core-jvm/3.4.3/d13ae94f2d8d9a88fafa7299f2115dabc909d3b6/ktor-client-core-jvm-3.4.3.jar:/home/rhomancer/.gradle/caches/modules-2/files-2.1/io.ktor/ktor-serialization-kotlinx-json-jvm/3.4.3/24821671212efaaa060be9036d4b1c680c9621cd/ktor-serialization-kotlinx-json-jvm-3.4.3.jar:/home/rhomancer/.gradle/caches/modules-2/files-2.1/io.ktor/ktor-server-cio-jvm/3.4.3/2dc32622bd9f4f3a595bd5415f177de57c2eeb6b/ktor-server-cio-jvm-3.4.3.jar:/home/rhomancer/.gradle/caches/modules-2/files-2.1/io.ktor/ktor-server-content-negotiation-jvm/3.4.3/4b7e0c7dac2be1a85e4674867578ae6f97aa34e6/ktor-server-content-negotiation-jvm-3.4.3.jar:/home/rhomancer/.gradle/caches/modules-2/files-2.1/io.ktor/ktor-server-cors-jvm/3.4.3/f5958d560f82428e72b67f88c518f7d48aefaa4e/ktor-server-cors-jvm-3.4.3.jar:/home/rhomancer/.gradle/caches/modules-2/files-2.1/io.modelcontextprotocol/kotlin-sdk-server-jvm/0.8.4/9145a02ab168438e7e56f637c96baea3fde80946/kotlin-sdk-server-jvm-0.8.4.jar:/home/rhomancer/.gradle/caches/modules-2/files-2.1/io.ktor/ktor-server-sse-jvm/3.2.3/62e723d0a0e497e0a458f0c2fcf7217e87bec155/ktor-server-sse-jvm-3.2.3.jar:/home/rhomancer/.gradle/caches/modules-2/files-2.1/io.modelcontextprotocol/kotlin-sdk-core-jvm/0.8.4/2c2f0289a200c5921a6f99e866fdb519eeddab0/kotlin-sdk-core-jvm-0.8.4.jar:/home/rhomancer/.gradle/caches/modules-2/files-2.1/io.ktor/ktor-server-websockets-jvm/3.2.3/e35aca3d0b9247297adc0eaa2e30a41c1c9edbbf/ktor-server-websockets-jvm-3.2.3.jar:/home/rhomancer/.gradle/caches/modules-2/files-2.1/io.ktor/ktor-server-core-jvm/3.4.3/222f8396f5a14cf649649684b61d2edc5642f98e/ktor-server-core-jvm-3.4.3.jar:/home/rhomancer/.gradle/caches/modules-2/files-2.1/com.agentclientprotocol/acp-jvm/0.24.0/bf5356ad7bea9afc511324725cc884a2b9a47505/acp-jvm-0.24.0.jar:/home/rhomancer/.gradle/caches/modules-2/files-2.1/org.jetbrains.androidx.lifecycle/lifecycle-viewmodel-compose-desktop/2.10.0/a59cd3cec34b5b7519ca3245b0d160dfd12a5891/lifecycle-viewmodel-compose-desktop-2.10.0.jar:/home/rhomancer/.gradle/caches/modules-2/files-2.1/org.jetbrains.compose.material/material-icons-extended-desktop/1.7.3/c7c5465dd754043076875b32bce0dd7f5a354fe8/material-icons-extended-desktop-1.7.3.jar:/home/rhomancer/.gradle/caches/modules-2/files-2.1/com.angussoftware.theming/theming-compose-jvm/0.11.0/46b7c83c389ca8d63cb8ed93d67fe87f34091492/theming-compose-jvm-0.11.0.jar:/home/rhomancer/.gradle/caches/modules-2/files-2.1/org.jetbrains.compose.desktop/desktop-jvm/1.9.0/760a7f1c3278719f2ab9fa443228956e64a7a18e/desktop-jvm-1.9.0.jar:/home/rhomancer/.gradle/caches/modules-2/files-2.1/org.jetbrains.compose.material/material-icons-core-desktop/1.7.3/414b3096050fe647b0638832eace80f22c06b85c/material-icons-core-desktop-1.7.3.jar:/home/rhomancer/.gradle/caches/modules-2/files-2.1/org.jetbrains.compose.material3/material3-desktop/1.9.0/19004c4eb3dc6618eb66a076bbe3d7e1a2e7b85/material3-desktop-1.9.0.jar:/home/rhomancer/.gradle/caches/modules-2/files-2.1/org.jetbrains.compose.components/components-resources-desktop/1.11.1/f4eb52d87f31584dacdb816a26376f39a1802e8a/library-desktop-1.11.1.jar:/home/rhomancer/.gradle/caches/modules-2/files-2.1/org.jetbrains.compose.material/material-desktop/1.9.0/67e948eefe3e565d3be2ddf0918a12f676537b0d/material-desktop-1.9.0.jar:/home/rhomancer/.gradle/caches/modules-2/files-2.1/org.jetbrains.compose.material/material-ripple-desktop/1.9.1/b0741397d2a9b93d7c9510c68196a27b717c07e9/material-ripple-desktop-1.9.1.jar:/home/rhomancer/.gradle/caches/modules-2/files-2.1/org.jetbrains.compose.animation/animation-core-desktop/1.11.1/1bf633ecd1a38a1cf7a41630bc56cba0da9cc25b/animation-core-desktop-1.11.1.jar:/home/rhomancer/.gradle/caches/modules-2/files-2.1/org.jetbrains.compose.animation/animation-desktop/1.11.1/f873fb28f1a08d45a4dd20a0130b3da8cadf383c/animation-desktop-1.11.1.jar:/home/rhomancer/.gradle/caches/modules-2/files-2.1/org.jetbrains.compose.foundation/foundation-layout-desktop/1.11.1/853fc5d01388da6515ce40b719798914012f6469/foundation-layout-desktop-1.11.1.jar:/home/rhomancer/.gradle/caches/modules-2/files-2.1/org.jetbrains.compose.foundation/foundation-desktop/1.11.1/6df316e7af2c0c97f200de289925f62ca8fce53d/foundation-desktop-1.11.1.jar:/home/rhomancer/.gradle/caches/modules-2/files-2.1/org.jetbrains.compose.ui/ui-geometry-desktop/1.11.1/5e430152487375359973ac9874653d335dcc220/ui-geometry-desktop-1.11.1.jar:/home/rhomancer/.gradle/caches/modules-2/files-2.1/org.jetbrains.compose.ui/ui-tooling-preview-desktop/1.11.1/97ec578d33adc34adcaa63e9af7bb2328c6c29b7/ui-tooling-preview-desktop-1.11.1.jar:/home/rhomancer/.gradle/caches/modules-2/files-2.1/org.jetbrains.compose.ui/ui-unit-desktop/1.11.1/f6c06f98da206d01dc40c1587c6bc4c40cbef623/ui-unit-desktop-1.11.1.jar:/home/rhomancer/.gradle/caches/modules-2/files-2.1/org.jetbrains.compose.ui/ui-graphics-desktop/1.11.1/6ea106d02adf29694eedf12fdfb621947d3621bf/ui-graphics-desktop-1.11.1.jar:/home/rhomancer/.gradle/caches/modules-2/files-2.1/org.jetbrains.compose.ui/ui-backhandler-desktop/1.11.1/bd3540bb1d6abd60c5e58f32663b2f3e89406cd1/ui-backhandler-desktop-1.11.1.jar:/home/rhomancer/.gradle/caches/modules-2/files-2.1/org.jetbrains.compose.ui/ui-text-desktop/1.11.1/6ded685e2601260d6231c859a849b96ee6c60368/ui-text-desktop-1.11.1.jar:/home/rhomancer/.gradle/caches/modules-2/files-2.1/org.jetbrains.compose.ui/ui-util-desktop/1.11.1/4302c582878b82ab24e1f34e6e90f967f7b416ed/ui-util-desktop-1.11.1.jar:/home/rhomancer/.gradle/caches/modules-2/files-2.1/org.jetbrains.compose.ui/ui-desktop/1.11.1/24c40c0d60c77a6fb34f930f13bfa4a3ff62c0f/ui-desktop-1.11.1.jar:/home/rhomancer/.gradle/caches/modules-2/files-2.1/androidx.navigationevent/navigationevent-desktop/1.0.1/ddb1e7fe97ed51c3d35bba493f97fcf12398719/navigationevent-desktop-1.0.1.jar:/home/rhomancer/.gradle/caches/modules-2/files-2.1/androidx.compose.runtime/runtime-saveable-desktop/1.11.2/1618fae89791692a224fe7aa79edbd7a8f5b7522/runtime-saveable-desktop-1.11.2.jar:/home/rhomancer/.gradle/caches/modules-2/files-2.1/androidx.compose.runtime/runtime-annotation-jvm/1.11.2/db4aa964627ac96331b72e231b9ad54318d112f4/runtime-annotation-jvm-1.11.2.jar:/home/rhomancer/.gradle/caches/modules-2/files-2.1/androidx.compose.runtime/runtime-retain-desktop/1.11.2/3aa3ec26ef2a3d26bc556b51b33d09efc1a198e8/runtime-retain-desktop-1.11.2.jar:/home/rhomancer/.gradle/caches/modules-2/files-2.1/org.jetbrains.androidx.savedstate/savedstate-compose-desktop/1.3.6/63692375ffe667f12cb3ea8aa1e605d659ed2add/savedstate-compose-desktop-1.3.6.jar:/home/rhomancer/.gradle/caches/modules-2/files-2.1/androidx.savedstate/savedstate-desktop/1.4.0/3b049a0f81643d6b4b900de95bc23efc085c32d5/savedstate-desktop-1.4.0.jar:/home/rhomancer/.gradle/caches/modules-2/files-2.1/androidx.savedstate/savedstate-compose-desktop/1.4.0/d3d6e0e2108528eb6080dc250da925a572be4202/savedstate-compose-desktop-1.4.0.jar:/home/rhomancer/.gradle/caches/modules-2/files-2.1/androidx.compose.runtime/runtime-desktop/1.11.2/e93d95553cdd86c1cb8c02f50260cc1c8e341da8/runtime-desktop-1.11.2.jar:/home/rhomancer/.gradle/caches/modules-2/files-2.1/org.jetbrains.compose.runtime/runtime-desktop/1.11.1/1941336b045aac4b87cc3be81d9fdb9977c88c61/runtime-desktop-1.11.1.jar:/home/rhomancer/.gradle/caches/modules-2/files-2.1/org.jetbrains.compose.runtime/runtime-saveable-desktop/1.11.1/b7c8a8ed985a0f15b4d8d206de1fc6125b499388/runtime-saveable-desktop-1.11.1.jar:/home/rhomancer/.gradle/caches/modules-2/files-2.1/org.jetbrains.androidx.lifecycle/lifecycle-runtime-compose-desktop/2.10.0/7b6b6793f3c4c5996b20d1d99cf728e5fac00364/lifecycle-runtime-compose-desktop-2.10.0.jar:/home/rhomancer/.gradle/caches/modules-2/files-2.1/androidx.lifecycle/lifecycle-runtime-desktop/2.10.0/fe39fe8e677652fd188c3cf1b1089a4c31bccd14/lifecycle-runtime-desktop-2.10.0.jar:/home/rhomancer/.gradle/caches/modules-2/files-2.1/androidx.lifecycle/lifecycle-common-jvm/2.10.0/2b7a92c746f3339efc533a2da0024e596760f816/lifecycle-common-jvm-2.10.0.jar:/home/rhomancer/.gradle/caches/modules-2/files-2.1/androidx.lifecycle/lifecycle-runtime-compose-desktop/2.10.0/c277d78d334495bc70c976007a6fddb4c39ff65c/lifecycle-runtime-compose-desktop-2.10.0.jar:/home/rhomancer/.gradle/caches/modules-2/files-2.1/androidx.lifecycle/lifecycle-viewmodel-savedstate-desktop/2.10.0/ec55d21af7e860f55e1797163df33737473f211a/lifecycle-viewmodel-savedstate-desktop-2.10.0.jar:/home/rhomancer/.gradle/caches/modules-2/files-2.1/androidx.lifecycle/lifecycle-viewmodel-desktop/2.10.0/8ff3a014a8c7e901085b76191cdbdfb4d9322cc2/lifecycle-viewmodel-desktop-2.10.0.jar:/home/rhomancer/.gradle/caches/modules-2/files-2.1/org.jetbrains.kotlinx/kotlinx-coroutines-slf4j/1.11.0/556153d93573d016dd4e5df37e3d03d07d8d303/kotlinx-coroutines-slf4j-1.11.0.jar:/home/rhomancer/.gradle/caches/modules-2/files-2.1/io.ktor/ktor-http-cio-jvm/3.4.3/b5009e1cc40b502c90c245ea4fd48f95b4a6a09b/ktor-http-cio-jvm-3.4.3.jar:/home/rhomancer/.gradle/caches/modules-2/files-2.1/io.ktor/ktor-websocket-serialization-jvm/3.4.3/428641dfad289035953735480a20605a0a3d388e/ktor-websocket-serialization-jvm-3.4.3.jar:/home/rhomancer/.gradle/caches/modules-2/files-2.1/io.ktor/ktor-serialization-kotlinx-jvm/3.4.3/ba16178b0f5ab132b866650c062f31d539d4ed73/ktor-serialization-kotlinx-jvm-3.4.3.jar:/home/rhomancer/.gradle/caches/modules-2/files-2.1/io.ktor/ktor-serialization-jvm/3.4.3/9cb3959a7795a303a2b0c9dd9a152cf87c81418b/ktor-serialization-jvm-3.4.3.jar:/home/rhomancer/.gradle/caches/modules-2/files-2.1/io.ktor/ktor-websockets-jvm/3.4.3/9b13706fbdb3c7f5065d71e0d1f17eabda34dbc0/ktor-websockets-jvm-3.4.3.jar:/home/rhomancer/.gradle/caches/modules-2/files-2.1/io.ktor/ktor-network-tls-jvm/3.4.3/51d1a0433e794ce1135fd6f7dd00d153c1b63765/ktor-network-tls-jvm-3.4.3.jar:/home/rhomancer/.gradle/caches/modules-2/files-2.1/io.ktor/ktor-http-jvm/3.4.3/1d6f033087f8d270ce06cc8471bc3d805472381f/ktor-http-jvm-3.4.3.jar:/home/rhomancer/.gradle/caches/modules-2/files-2.1/io.ktor/ktor-events-jvm/3.4.3/21cfaab46ef1538c930781d0fc4ad30817f18bb9/ktor-events-jvm-3.4.3.jar:/home/rhomancer/.gradle/caches/modules-2/files-2.1/io.ktor/ktor-sse-jvm/3.4.3/f72b604fbe908f7a8f26be2e472dfe8fe0e8ce31/ktor-sse-jvm-3.4.3.jar:/home/rhomancer/.gradle/caches/modules-2/files-2.1/io.ktor/ktor-network-jvm/3.4.3/60e35f5740b4526ac4aa384c0956920f00ecd91e/ktor-network-jvm-3.4.3.jar:/home/rhomancer/.gradle/caches/modules-2/files-2.1/io.ktor/ktor-utils-jvm/3.4.3/7904b87f28e962b998244f5663236dca4d90bbd/ktor-utils-jvm-3.4.3.jar:/home/rhomancer/.gradle/caches/modules-2/files-2.1/org.jetbrains.skiko/skiko-awt-runtime-linux-x64/0.144.6/291f8626a2fecd06e9f585424360560189ab7303/skiko-awt-runtime-linux-x64-0.144.6.jar:/home/rhomancer/.gradle/caches/modules-2/files-2.1/org.jetbrains.skiko/skiko-awt/0.144.6/c9bec39e3c517ed5591c71c7db0cbbe64b6be849/skiko-awt-0.144.6.jar:/home/rhomancer/.gradle/caches/modules-2/files-2.1/io.ktor/ktor-io-jvm/3.4.3/743b93999a7451a371cdef23dccecf0d14a99d4/ktor-io-jvm-3.4.3.jar:/home/rhomancer/.gradle/caches/modules-2/files-2.1/org.jetbrains.kotlinx/kotlinx-coroutines-core-jvm/1.11.0/3d57dc678bd8d72a60e7adf0eca5c54e3f4f4b79/kotlinx-coroutines-core-jvm-1.11.0.jar:/home/rhomancer/.gradle/caches/modules-2/files-2.1/org.jetbrains.kotlinx/kotlinx-coroutines-swing/1.11.0/3cf134b8aefd813622edc37e60d66b939b55cb36/kotlinx-coroutines-swing-1.11.0.jar:/home/rhomancer/.gradle/caches/modules-2/files-2.1/app.cash.sqldelight/runtime-jvm/2.0.2/187de9631fe1fb647b0d5c0b6805c9ae92ed04c4/runtime-jvm-2.0.2.jar:/home/rhomancer/.gradle/caches/modules-2/files-2.1/org.jetbrains.kotlinx/kotlinx-serialization-json-io-jvm/1.10.0/50ca77d6d3986562a140275d6c8b07086af55f83/kotlinx-serialization-json-io-jvm-1.10.0.jar:/home/rhomancer/.gradle/caches/modules-2/files-2.1/org.jetbrains.kotlinx/kotlinx-serialization-core-jvm/1.10.0/9400c03c056953bbbf30e861e63735c90e9eb320/kotlinx-serialization-core-jvm-1.10.0.jar:/home/rhomancer/.gradle/caches/modules-2/files-2.1/com.agentclientprotocol/acp-model-jvm/0.24.0/a80e1b370aedaf9254d374031ff4aef32dd5371d/acp-model-jvm-0.24.0.jar:/home/rhomancer/.gradle/caches/modules-2/files-2.1/org.jetbrains.kotlinx/kotlinx-serialization-json-jvm/1.10.0/a74d7819e02bad98af4d6b56c4f45aa6d31ef4ad/kotlinx-serialization-json-jvm-1.10.0.jar:/home/rhomancer/.gradle/caches/modules-2/files-2.1/org.jetbrains.kotlinx/kotlinx-datetime-jvm/0.7.1/81c2e0246bd28cc2dcbdf0ab53628322e66a9de9/kotlinx-datetime-jvm-0.7.1.jar:/home/rhomancer/.gradle/caches/modules-2/files-2.1/io.github.g0dkar/qrcode-kotlin-jvm/4.5.0/58ff6fc70ea401d806f7608b8d0203f18c713211/qrcode-kotlin-jvm-4.5.0.jar:/home/rhomancer/.gradle/caches/modules-2/files-2.1/org.jetbrains.kotlin/kotlin-reflect/2.3.0/a723c4fbeeb7b48910a0f82b8ea826da1b17dd0b/kotlin-reflect-2.3.0.jar:/home/rhomancer/.gradle/caches/modules-2/files-2.1/org.jetbrains.compose.components/components-ui-tooling-preview-desktop/1.11.1/b1cf782605b572c79f636e7ccc36393d1be8db49/library-desktop-1.11.1.jar:/home/rhomancer/.gradle/caches/modules-2/files-2.1/androidx.collection/collection-jvm/1.5.0/7ba2c69414d46ebc2dd76598bdd0a75c54281a57/collection-jvm-1.5.0.jar:/home/rhomancer/.gradle/caches/modules-2/files-2.1/androidx.arch.core/core-common/2.2.0/5e1b8b81dfd5f52c56a8d53b18ca759c19a301f3/core-common-2.2.0.jar:/home/rhomancer/.gradle/caches/modules-2/files-2.1/androidx.annotation/annotation-jvm/1.9.1/b17951747e38bf3986a24431b9ba0d039958aa5f/annotation-jvm-1.9.1.jar:/home/rhomancer/.gradle/caches/modules-2/files-2.1/org.jetbrains.kotlin/kotlin-stdlib-jdk8/2.1.21/fb62497994f5cfa4ad41fcff05020c35976307c6/kotlin-stdlib-jdk8-2.1.21.jar:/home/rhomancer/.gradle/caches/modules-2/files-2.1/io.github.oshai/kotlin-logging-jvm/7.0.14/df9cdbd614154cc886a255e23b87ce165c9e91c6/kotlin-logging-jvm-7.0.14.jar:/home/rhomancer/.gradle/caches/modules-2/files-2.1/org.jetbrains.kotlinx/atomicfu-jvm/0.28.0/6a9ac536f4b2144e57c176fd4e26821eb12084f4/atomicfu-jvm-0.28.0.jar:/home/rhomancer/.gradle/caches/modules-2/files-2.1/org.jetbrains.kotlin/kotlin-stdlib-jdk7/2.1.21/f5e72fe5f9501e0d27ec633beb3996c29641b877/kotlin-stdlib-jdk7-2.1.21.jar:/home/rhomancer/.gradle/caches/modules-2/files-2.1/org.jetbrains.kotlinx/kotlinx-io-core-jvm/0.8.2/358a9f2ba2dc81c5dc84c3d1853f6e5efba63be1/kotlinx-io-core-jvm-0.8.2.jar:/home/rhomancer/.gradle/caches/modules-2/files-2.1/org.jetbrains.kotlinx/kotlinx-collections-immutable-jvm/0.4.0/82499bf608b0fc3ae6737a5eac1a1f1325279bbf/kotlinx-collections-immutable-jvm-0.4.0.jar:/home/rhomancer/.gradle/caches/modules-2/files-2.1/org.jetbrains.kotlinx/kotlinx-io-bytestring-jvm/0.8.2/89c5399596250e71f2bba6d2415972a078a525c7/kotlinx-io-bytestring-jvm-0.8.2.jar:/home/rhomancer/.gradle/caches/modules-2/files-2.1/org.jetbrains.kotlin/kotlin-stdlib/2.4.10/8943c84ddc6d5cc00a10dbc3736c397066eeaab5/kotlin-stdlib-2.4.10.jar:/home/rhomancer/.gradle/caches/modules-2/files-2.1/org.slf4j/slf4j-simple/2.0.17/9872a3fd794ffe7b18d17747926a64d61526ca96/slf4j-simple-2.0.17.jar:/home/rhomancer/.gradle/caches/modules-2/files-2.1/org.jetbrains/annotations/23.0.0/8cc20c07506ec18e0834947b84a864bfc094484e/annotations-23.0.0.jar:/home/rhomancer/.gradle/caches/modules-2/files-2.1/org.xerial/sqlite-jdbc/3.45.2.0/2ba1408717e5aaf85d59f65b313553fa8955fa37/sqlite-jdbc-3.45.2.0.jar:/home/rhomancer/.gradle/caches/modules-2/files-2.1/org.slf4j/slf4j-api/2.0.17/d9e58ac9c7779ba3bf8142aff6c830617a7fe60f/slf4j-api-2.0.17.jar:/home/rhomancer/.gradle/caches/modules-2/files-2.1/com.typesafe/config/1.4.5/cc25b497ded7068a861517a815546fb472f9e58/config-1.4.5.jar:/home/rhomancer/.gradle/caches/modules-2/files-2.1/org.fusesource.jansi/jansi/2.4.2/ba7387c31622c6650b83edba1bbb115f1fe462ba/jansi-2.4.2.jar:/home/rhomancer/.gradle/caches/modules-2/files-2.1/org.jetbrains.runtime/jbr-api/1.9.0/2bc161f5472b5fd5610740e4d6ebe896c811cb0e/jbr-api-1.9.0.jar:/home/rhomancer/.gradle/caches/modules-2/files-2.1/org.jspecify/jspecify/1.0.0/7425a601c1c7ec76645a78d22b8c6a627edee507/jspecify-1.0.0.jar
Launcher Type: SUN_STANDARD

[Global flags]
     intx CICompilerCount                          = 12                                        {product} {ergonomic}
     uint ConcGCThreads                            = 3                                         {product} {ergonomic}
     uint G1ConcRefinementThreads                  = 13                                        {product} {ergonomic}
   size_t G1HeapRegionSize                         = 8388608                                   {product} {ergonomic}
    uintx GCDrainStackTargetSize                   = 64                                        {product} {ergonomic}
   size_t InitialHeapSize                          = 1056964608                                {product} {ergonomic}
   size_t MarkStackSize                            = 4194304                                   {product} {ergonomic}
   size_t MaxHeapSize                              = 16835936256                               {product} {ergonomic}
   size_t MaxNewSize                               = 10099884032                               {product} {ergonomic}
   size_t MinHeapDeltaBytes                        = 8388608                                   {product} {ergonomic}
   size_t MinHeapSize                              = 8388608                                   {product} {ergonomic}
    uintx NonNMethodCodeHeapSize                   = 7602480                                {pd product} {ergonomic}
    uintx NonProfiledCodeHeapSize                  = 122027880                              {pd product} {ergonomic}
    uintx ProfiledCodeHeapSize                     = 122027880                              {pd product} {ergonomic}
    uintx ReservedCodeCacheSize                    = 251658240                              {pd product} {ergonomic}
     bool SegmentedCodeCache                       = true                                      {product} {ergonomic}
   size_t SoftMaxHeapSize                          = 16835936256                            {manageable} {ergonomic}
     bool UseCompressedOops                        = true                           {product lp64_product} {ergonomic}
     bool UseG1GC                                  = true                                      {product} {ergonomic}

Logging:
Log output configuration:
 #0: stdout all=warning uptime,level,tags foldmultilines=false
 #1: stderr all=off uptime,level,tags foldmultilines=false

Release file:
IMPLEMENTOR="Debian"
JAVA_RUNTIME_VERSION="21.0.12+8-1-deb13u1-Debian"
JAVA_VERSION="21.0.12"
JAVA_VERSION_DATE="2026-07-21"
LIBC="gnu"
MODULES="java.base java.compiler java.datatransfer java.xml java.prefs java.desktop java.instrument java.logging java.management java.security.sasl java.naming java.rmi java.management.rmi java.net.http java.scripting java.security.jgss java.transaction.xa java.sql java.sql.rowset java.xml.crypto java.se java.smartcardio jdk.accessibility jdk.internal.jvmstat jdk.attach jdk.charsets jdk.internal.opt jdk.zipfs jdk.compiler jdk.crypto.ec jdk.crypto.cryptoki jdk.dynalink jdk.internal.ed jdk.editpad jdk.hotspot.agent jdk.httpserver jdk.incubator.vector jdk.internal.le jdk.internal.vm.ci jdk.internal.vm.compiler jdk.internal.vm.compiler.management jdk.jartool jdk.javadoc jdk.jcmd jdk.management jdk.management.agent jdk.jconsole jdk.jdeps jdk.jdwp.agent jdk.jdi jdk.jfr jdk.jlink jdk.jpackage jdk.jshell jdk.jsobject jdk.jstatd jdk.localedata jdk.management.jfr jdk.naming.dns jdk.naming.rmi jdk.net jdk.nio.mapmode jdk.random jdk.sctp jdk.security.auth jdk.security.jgss jdk.unsupported jdk.unsupported.desktop jdk.xml.dom"
OS_ARCH="x86_64"
OS_NAME="Linux"
SOURCE=""

Environment Variables:
PATH=/tmp/letta-code-shell-shim:/home/rhomancer/.letta/bin:/tmp/.mount_letta-E0fY74:/tmp/.mount_letta-E0fY74/usr/sbin:/home/rhomancer/.cargo/bin:/home/rhomancer/.local/bin:/home/rhomancer/bin:/usr/local/bin:/usr/bin:/bin:/usr/local/games:/usr/games:/home/rhomancer/.local/share/JetBrains/Toolbox/scripts
USERNAME=rhomancer
LD_LIBRARY_PATH=/tmp/.mount_letta-E0fY74/usr/lib:
SHELL=/bin/bash
DISPLAY=:0
WAYLAND_DISPLAY=wayland-0
LANG=en_GB.UTF-8
TERM=xterm-256color

Active Locale:
LC_ALL=en_GB.UTF-8
LC_COLLATE=en_GB.UTF-8
LC_CTYPE=en_GB.UTF-8
LC_MESSAGES=en_GB.UTF-8
LC_MONETARY=en_GB.UTF-8
LC_NUMERIC=en_GB.UTF-8
LC_TIME=en_GB.UTF-8

Signal Handlers:
   SIGSEGV: crash_handler in libjvm.so, mask=11100100010111111101111111111110, flags=SA_RESTART|SA_SIGINFO, unblocked
    SIGBUS: crash_handler in libjvm.so, mask=11100100010111111101111111111110, flags=SA_RESTART|SA_SIGINFO, unblocked
    SIGFPE: crash_handler in libjvm.so, mask=11100100010111111101111111111110, flags=SA_RESTART|SA_SIGINFO, unblocked
   SIGPIPE: SIG_IGN, mask=00000000000010000000000000000000, flags=SA_RESTART, blocked
  *** Handler was modified!
  *** Expected: javaSignalHandler in libjvm.so, mask=11100100110111111111111111111110, flags=SA_RESTART|SA_SIGINFO
   SIGXFSZ: javaSignalHandler in libjvm.so, mask=11100100010111111101111111111110, flags=SA_RESTART|SA_SIGINFO, blocked
    SIGILL: crash_handler in libjvm.so, mask=11100100010111111101111111111110, flags=SA_RESTART|SA_SIGINFO, unblocked
   SIGUSR2: SR_handler in libjvm.so, mask=00000000000000000000000000000000, flags=SA_RESTART|SA_SIGINFO, blocked
    SIGHUP: UserHandler in libjvm.so, mask=11100100010111111101111111111110, flags=SA_RESTART|SA_SIGINFO, blocked
    SIGINT: UserHandler in libjvm.so, mask=11100100010111111101111111111110, flags=SA_RESTART|SA_SIGINFO, blocked
   SIGTERM: UserHandler in libjvm.so, mask=11100100010111111101111111111110, flags=SA_RESTART|SA_SIGINFO, blocked
   SIGQUIT: UserHandler in libjvm.so, mask=11100100010111111101111111111110, flags=SA_RESTART|SA_SIGINFO, blocked
   SIGTRAP: crash_handler in libjvm.so, mask=11100100010111111101111111111110, flags=SA_RESTART|SA_SIGINFO, unblocked


Periodic native trim disabled

---------------  S Y S T E M  ---------------

OS:
PRETTY_NAME="Debian GNU/Linux 13 (trixie)"
NAME="Debian GNU/Linux"
VERSION_ID="13"
VERSION="13 (trixie)"
VERSION_CODENAME=trixie
DEBIAN_VERSION_FULL=13.6
ID=debian
HOME_URL="https://www.debian.org/"
SUPPORT_URL="https://www.debian.org/support"
BUG_REPORT_URL="https://bugs.debian.org/"
uname: Linux 6.12.101+deb13-amd64 #1 SMP PREEMPT_DYNAMIC Debian 6.12.101-1 (2026-08-05) x86_64
OS uptime: 6 days 1:45 hours
libc: glibc 2.41 NPTL 2.41 
rlimit (soft/hard): STACK 8192k/infinity , CORE 0k/infinity , NPROC 256061/256061 , NOFILE 524288/524288 , AS infinity/infinity , CPU infinity/infinity , DATA infinity/infinity , FSIZE infinity/infinity , MEMLOCK 8192k/8192k
load average: 13.45 17.36 13.80

/proc/meminfo:
MemTotal:       65758980 kB
MemFree:         9938104 kB
MemAvailable:   31772112 kB
Buffers:         1599240 kB
Cached:         21395708 kB
SwapCached:       512992 kB
Active:         32725008 kB
Inactive:       17908244 kB
Active(anon):   26143724 kB
Inactive(anon):  5338140 kB
Active(file):    6581284 kB
Inactive(file): 12570104 kB
Unevictable:        6268 kB
Mlocked:            6268 kB
SwapTotal:      67017724 kB
SwapFree:       60309200 kB
Zswap:                 0 kB
Zswapped:              0 kB
Dirty:             13216 kB
Writeback:             0 kB
AnonPages:      26945936 kB
Mapped:          3349300 kB
Shmem:           3838536 kB
KReclaimable:    3407468 kB
Slab:            4152416 kB
SReclaimable:    3407468 kB
SUnreclaim:       744948 kB
KernelStack:       65360 kB
PageTables:       239024 kB
SecPageTables:      6176 kB
NFS_Unstable:          0 kB
Bounce:                0 kB
WritebackTmp:          0 kB
CommitLimit:    99897212 kB
Committed_AS:   72519408 kB
VmallocTotal:   34359738367 kB
VmallocUsed:      141260 kB
VmallocChunk:          0 kB
Percpu:            32192 kB
HardwareCorrupted:     0 kB
AnonHugePages:  17500160 kB
ShmemHugePages:        0 kB
ShmemPmdMapped:        0 kB
FileHugePages:         0 kB
FilePmdMapped:         0 kB
Unaccepted:            0 kB
HugePages_Total:       0
HugePages_Free:        0
HugePages_Rsvd:        0
HugePages_Surp:        0
Hugepagesize:       2048 kB
Hugetlb:               0 kB
DirectMap4k:     3497412 kB
DirectMap2M:    59326464 kB
DirectMap1G:     4194304 kB

/sys/kernel/mm/transparent_hugepage/enabled: [always] madvise never
/sys/kernel/mm/transparent_hugepage/hpage_pmd_size: 2097152
/sys/kernel/mm/transparent_hugepage/defrag (defrag/compaction efforts parameter): always defer defer+madvise [madvise] never

Process Memory:
Virtual Size: 25786452K (peak: 25915476K)
Resident Set Size: 1058984K (peak: 1394656K) (anon: 928056K, file: 130056K, shmem: 872K)
Swapped out: 0K
C-Heap outstanding allocations: 121295K, retained: 502804K
glibc malloc tunables: (default)

/proc/sys/kernel/threads-max (system-wide limit on the number of threads): 512122
/proc/sys/vm/max_map_count (maximum number of memory map areas a process may have): 1048576
/proc/sys/vm/swappiness (control to define how aggressively the kernel swaps out anonymous memory): 60
/proc/sys/kernel/pid_max (system-wide limit on number of process identifiers): 4194304

container information not found.
Steal ticks since vm start: 0
Steal ticks percentage since vm start:  0.000

CPU: total 16 (initial active 16) (16 cores per cpu, 2 threads per core) family 25 model 33 stepping 2 microcode 0xa201213, cx8, cmov, fxsr, ht, mmx, 3dnowpref, sse, sse2, sse3, ssse3, sse4a, sse4.1, sse4.2, popcnt, lzcnt, tsc, tscinvbit, avx, avx2, aes, erms, clmul, bmi1, bmi2, adx, sha, fma, vzeroupper, clflush, clflushopt, rdtscp, rdpid, fsrm, f16c, pku, ospke, cet_ss
CPU Model and flags from /proc/cpuinfo:
model name	: AMD Ryzen 7 5800X 8-Core Processor
flags		: fpu vme de pse tsc msr pae mce cx8 apic sep mtrr pge mca cmov pat pse36 clflush mmx fxsr sse sse2 ht syscall nx mmxext fxsr_opt pdpe1gb rdtscp lm constant_tsc rep_good nopl xtopology nonstop_tsc cpuid extd_apicid aperfmperf rapl pni pclmulqdq monitor ssse3 fma cx16 sse4_1 sse4_2 x2apic movbe popcnt aes xsave avx f16c rdrand lahf_lm cmp_legacy svm extapic cr8_legacy abm sse4a misalignsse 3dnowprefetch osvw ibs skinit wdt tce topoext perfctr_core perfctr_nb bpext perfctr_llc mwaitx cpb cat_l3 cdp_l3 hw_pstate ssbd mba ibrs ibpb stibp vmmcall fsgsbase bmi1 avx2 smep bmi2 erms invpcid cqm rdt_a rdseed adx smap clflushopt clwb sha_ni xsaveopt xsavec xgetbv1 xsaves cqm_llc cqm_occup_llc cqm_mbm_total cqm_mbm_local user_shstk clzero irperf xsaveerptr rdpru wbnoinvd arat npt lbrv svm_lock nrip_save tsc_scale vmcb_clean flushbyasid decodeassists pausefilter pfthreshold avic v_vmsave_vmload vgif v_spec_ctrl umip pku ospke vaes vpclmulqdq rdpid overflow_recov succor smca fsrm debug_swap

Online cpus: 0-15
Offline cpus: 
BIOS frequency limitation: <Not Available>
Frequency switch latency (ns): 0
Available cpu frequencies: <Not Available>
Current governor: performance
Core performance/turbo boost: 1

Memory: 4k page, physical 65758980k(31771708k free), swap 67017724k(60309200k free)
Page Sizes: 4k

vm_info: OpenJDK 64-Bit Server VM (21.0.12+8-1-deb13u1-Debian) for linux-amd64 JRE (21.0.12+8-1-deb13u1-Debian), built on 2026-08-08T15:22:18Z by "sbuild" with gcc 14.2.0

END.
